{"licenses": [{"name": "", "id": 0, "url": ""}], "info": {"contributor": "", "date_created": "", "description": "", "url": "", "version": "", "year": ""}, "categories": [{"id": 1, "name": "furcullaria", "supercategory": ""}, {"id": 2, "name": "zostera", "supercategory": ""}], "images": [{"id": 1, "width": 1024, "height": 1024, "file_name": "zostera8.jpeg", "license": 0, "flickr_url": "", "coco_url": "", "date_captured": 0}, {"id": 2, "width": 1024, "height": 1024, "file_name": "zostera5.jpeg", "license": 0, "flickr_url": "", "coco_url": "", "date_captured": 0}, {"id": 3, "width": 1024, "height": 1024, "file_name": "zostera3.jpg", "license": 0, "flickr_url": "", "coco_url": "", "date_captured": 0}, {"id": 4, "width": 1024, "height": 1024, "file_name": "zostera2.jpeg", "license": 0, "flickr_url": "", "coco_url": "", "date_captured": 0}, {"id": 5, "width": 1024, "height": 1024, "file_name": "zostera18.png", "license": 0, "flickr_url": "", "coco_url": "", "date_captured": 0}, {"id": 6, "width": 1024, "height": 1024, "file_name": "zostera17.png", "license": 0, "flickr_url": "", "coco_url": "", "date_captured": 0}, {"id": 7, "width": 1024, "height": 1024, "file_name": "zostera16.jpg", "license": 0, "flickr_url": "", "coco_url": "", "date_captured": 0}, {"id": 8, "width": 1024, "height": 1024, "file_name": "zostera15.png", "license": 0, "flickr_url": "", "coco_url": "", "date_captured": 0}, {"id": 9, "width": 1024, "height": 1024, "file_name": "zostera14.png", "license": 0, "flickr_url": "", "coco_url": "", "date_captured": 0}, {"id": 10, "width": 1024, "height": 1024, "file_name": "zostera13.png", "license": 0, "flickr_url": "", "coco_url": "", "date_captured": 0}, {"id": 11, "width": 1024, "height": 1024, "file_name": "zostera12.png", "license": 0, "flickr_url": "", "coco_url": "", "date_captured": 0}, {"id": 12, "width": 1024, "height": 1024, "file_name": "zostera11.jpeg", "license": 0, "flickr_url": "", "coco_url": "", "date_captured": 0}, {"id": 13, "width": 1024, "height": 1024, "file_name": "furcullaria9.jpeg", "license": 0, "flickr_url": "", "coco_url": "", "date_captured": 0}, {"id": 14, "width": 1024, "height": 1024, "file_name": "furcullaria8.jpeg", "license": 0, "flickr_url": "", "coco_url": "", "date_captured": 0}, {"id": 15, "width": 1024, "height": 1024, "file_name": "furcullaria7.jpeg", "license": 0, "flickr_url": "", "coco_url": "", "date_captured": 0}, {"id": 16, "width": 1024, "height": 1024, "file_name": "furcullaria18.jpeg", "license": 0, "flickr_url": "", "coco_url": "", "date_captured": 0}, {"id": 17, "width": 1024, "height": 1024, "file_name": "furcullaria16.jpg", "license": 0, "flickr_url": "", "coco_url": "", "date_captured": 0}, {"id": 18, "width": 1024, "height": 1024, "file_name": "furcullaria14.jpeg", "license": 0, "flickr_url": "", "coco_url": "", "date_captured": 0}, {"id": 19, "width": 1024, "height": 1024, "file_name": "furcullaria10.jpeg", "license": 0, "flickr_url": "", "coco_url": "", "date_captured": 0}, {"id": 20, "width": 1024, "height": 1024, "file_name": "furcularia11.jpeg", "license": 0, "flickr_url": "", "coco_url": "", "date_captured": 0}, {"id": 21, "width": 1024, "height": 1024, "file_name": "furcellaria3.jpeg", "license": 0, "flickr_url": "", "coco_url": "", "date_captured": 0}, {"id": 22, "width": 1024, "height": 1024, "file_name": "furcellaria2.jpeg", "license": 0, "flickr_url": "", "coco_url": "", "date_captured": 0}, {"id": 23, "width": 1024, "height": 1024, "file_name": "furcellaria17.jpeg", "license": 0, "flickr_url": "", "coco_url": "", "date_captured": 0}, {"id": 24, "width": 1024, "height": 1024, "file_name": "fucellaria20.jpeg", "license": 0, "flickr_url": "", "coco_url": "", "date_captured": 0}], "annotations": [{"id": 1, "image_id": 1, "category_id": 2, "segmentation": [[2.4, 350.37, 4.74, 377.32, 11.77, 393.72, 17.63, 343.34, 18.8, 298.82, 12.94, 281.24, 12.94, 260.15, 32.86, 270.7, 35.2, 240.24, 51.6, 185.17, 4.74, 137.13, 29.34, 138.3, 51.6, 166.42, 55.12, 127.76, 72.69, 127.76, 62.15, 198.06, 99.64, 235.55, 113.7, 263.67, 128.93, 294.13, 142.99, 288.27, 166.42, 242.58, 189.86, 198.06, 179.31, 244.92, 187.51, 282.41, 192.2, 294.13, 205.09, 294.13, 214.46, 256.64, 232.03, 213.29, 236.72, 186.34, 285.93, 133.62, 276.56, 152.36, 256.64, 195.71, 266.01, 212.12, 281.24, 186.34, 299.99, 194.54, 315.22, 176.97, 316.39, 201.57, 346.85, 201.57, 348.03, 180.48, 363.26, 154.71, 371.46, 161.74, 399.58, 155.88, 414.81, 131.28, 442.93, 123.07, 445.27, 165.25, 461.67, 192.2, 483.93, 237.89, 509.71, 275.38, 526.11, 342.17, 522.6, 198.06, 533.14, 198.06, 539.0, 275.38, 544.86, 317.56, 546.03, 353.88, 570.63, 342.17, 561.26, 309.36, 575.32, 263.67, 575.32, 281.24, 587.04, 310.53, 619.84, 282.41, 611.64, 308.19, 619.84, 326.94, 630.39, 318.74, 647.96, 268.36, 691.31, 199.23, 737.01, 121.9, 792.07, 44.57, 827.22, 10.6, 853.0, 10.6, 810.82, 44.57, 792.07, 93.78, 767.47, 120.73, 751.06, 152.36, 729.98, 179.31, 721.77, 196.89, 701.86, 226.18, 679.6, 261.33, 657.33, 299.99, 697.17, 285.93, 714.74, 244.92, 739.35, 227.35, 773.33, 199.23, 831.91, 168.77, 861.2, 154.71, 861.2, 110.19, 877.6, 109.01, 877.6, 141.82, 867.06, 176.97, 864.71, 208.6, 891.66, 166.42, 936.18, 138.3, 927.98, 157.05, 894.0, 193.37, 838.94, 266.01, 838.94, 273.04, 840.11, 277.73, 870.57, 249.61, 882.29, 209.77, 911.58, 188.68, 903.38, 208.6, 929.15, 171.11, 949.07, 160.57, 987.73, 126.59, 1024.0, 81.25, 1024.0, 102.83, 1001.79, 139.48, 992.42, 147.68, 985.39, 176.97, 972.5, 193.37, 958.44, 239.06, 951.41, 271.87, 994.76, 210.95, 1021.71, 203.92, 1020.54, 229.69, 983.05, 258.98, 1012.34, 258.98, 995.93, 273.04, 1009.99, 273.04, 992.42, 308.19, 1006.48, 323.42, 1019.37, 329.28, 1020.54, 923.29, 978.36, 906.89, 940.87, 920.95, 902.2, 920.95, 881.11, 894.0, 840.11, 876.43, 838.94, 841.28, 809.65, 848.31, 800.27, 872.91, 806.13, 898.69, 783.87, 902.2, 780.36, 933.84, 760.44, 942.04, 765.12, 881.11, 731.15, 897.52, 735.83, 929.15, 744.03, 988.9, 739.35, 1019.37, 719.43, 1017.02, 718.26, 892.83, 683.11, 885.8, 680.77, 909.23, 669.05, 956.1, 664.36, 1015.85, 649.13, 1018.19, 670.22, 847.14, 644.45, 858.85, 639.76, 935.01, 613.98, 997.11, 610.47, 1015.85, 609.3, 951.41, 625.7, 881.11, 622.19, 860.03, 590.55, 881.11, 590.55, 902.2, 606.95, 1021.71, 562.43, 1018.19, 548.37, 931.49, 530.8, 916.26, 528.46, 936.18, 510.88, 958.44, 486.28, 937.35, 454.64, 922.12, 462.84, 1017.02, 424.18, 1017.02, 400.75, 915.09, 336.31, 1013.51, 311.71, 1012.34, 312.88, 945.55, 292.96, 945.55, 291.79, 1008.82, 256.64, 1012.34, 256.64, 940.87, 242.58, 931.49, 236.72, 1006.48, 198.06, 1008.82, 195.71, 991.25, 158.22, 1019.37, 135.96, 1018.19, 202.74, 935.01, 191.03, 911.58, 135.96, 978.36, 80.9, 954.93, 120.73, 987.73, 80.9, 1008.82, 59.81, 1007.65, 56.29, 949.07, 15.28, 986.56, 7.08, 938.52, 3.57, 919.78]], "area": 746829.0, "bbox": [2.4, 10.6, 1021.6, 1011.11], "iscrowd": 0, "attributes": {"occluded": false}}, {"id": 2, "image_id": 2, "category_id": 2, "segmentation": [[9.43, 97.3, 59.81, 83.24, 94.95, 49.26, 105.5, 1.22, 127.76, 1.22, 117.22, 37.55, 154.71, 4.74, 154.71, 32.86, 210.95, 28.17, 282.41, 5.91, 349.2, 4.74, 267.18, 135.96, 330.45, 80.9, 419.49, 2.4, 467.53, 2.4, 524.94, 1.22, 554.33, 0.0, 589.01, 0.0, 613.98, 3.57, 692.48, 9.43, 766.3, 5.91, 780.36, 5.91, 747.55, 105.5, 806.13, 105.5, 876.43, 0.05, 895.17, 0.05, 827.22, 97.3, 827.22, 105.5, 867.06, 77.38, 936.18, 12.94, 972.5, 3.57, 868.23, 123.07, 904.55, 106.67, 949.07, 79.72, 999.45, 18.8, 1020.54, 21.14, 1020.54, 82.07, 1012.34, 113.7, 1011.17, 146.51, 991.25, 195.71, 973.67, 235.55, 993.59, 249.61, 1011.17, 263.67, 1018.19, 308.19, 1001.79, 339.82, 1004.14, 363.26, 1017.02, 372.63, 1017.02, 403.09, 997.11, 403.09, 992.42, 464.02, 1024.0, 453.8, 1024.0, 480.39, 1019.37, 496.82, 1022.88, 558.92, 1024.0, 675.25, 1024.0, 681.53, 1018.19, 765.12, 987.73, 734.66, 978.36, 769.81, 1012.34, 813.16, 1022.88, 834.25, 970.16, 833.08, 1024.0, 856.77, 1024.0, 877.02, 1021.71, 885.8, 949.07, 858.85, 925.64, 897.52, 902.2, 956.1, 899.86, 965.47, 983.05, 968.99, 1013.51, 976.02, 1024.0, 1002.83, 1024.0, 1002.97, 942.04, 1011.17, 857.68, 1005.31, 708.89, 993.59, 608.13, 992.42, 582.35, 992.42, 507.37, 1015.85, 493.31, 1013.51, 537.83, 961.96, 460.5, 961.96, 387.86, 988.9, 346.85, 1013.51, 305.85, 1002.96, 352.71, 917.44, 407.78, 778.01, 421.84, 758.09, 465.19, 612.81, 533.14, 432.38, 497.99, 456.99, 445.27, 544.86, 420.67, 594.07, 391.38, 621.01, 391.38, 690.14, 383.17, 747.55, 378.49, 786.21, 345.68, 778.01, 345.68, 697.17, 309.36, 768.64, 283.59, 822.53, 246.09, 868.23, 268.36, 781.53, 296.47, 721.77, 362.09, 598.75, 305.85, 633.9, 317.56, 535.49, 303.5, 508.54, 273.04, 588.21, 250.78, 591.72, 246.09, 549.55, 247.27, 488.62, 263.67, 442.93, 270.7, 385.52, 215.63, 428.87, 182.83, 466.36, 182.83, 499.17, 153.54, 590.55, 121.9, 630.39, 107.84, 645.62, 73.87, 664.36, 56.29, 711.23, 59.81, 756.92, 39.89, 748.72, 39.89, 621.01, 39.89, 663.19, 11.77, 676.08, 9.43, 650.3, 2.4, 299.99]], "area": 803923.0, "bbox": [2.4, 0.0, 1021.6, 1015.85], "iscrowd": 0, "attributes": {"occluded": false}}, {"id": 3, "image_id": 3, "category_id": 2, "segmentation": [[185.17, 570.63, 166.42, 478.08, 146.51, 401.92, 161.74, 391.38, 162.91, 432.38, 167.6, 374.97, 167.6, 326.94, 184.0, 312.88, 203.92, 275.38, 215.63, 292.96, 235.55, 237.89, 261.33, 237.89, 262.5, 294.13, 276.56, 275.38, 276.56, 246.09, 283.59, 233.21, 302.33, 206.26, 307.02, 232.03, 315.22, 250.78, 315.22, 215.63, 319.91, 185.17, 339.82, 164.08, 351.54, 154.71, 359.74, 127.76, 353.88, 111.36, 338.65, 85.58, 370.29, 84.41, 421.84, 68.01, 434.73, 46.92, 486.28, 43.4, 569.46, 36.37, 617.5, 31.69, 647.96, 31.69, 760.44, 41.06, 875.26, 39.89, 890.49, 10.6, 953.76, 14.11, 1000.62, 11.77, 1017.02, 27.0, 1018.19, 1006.48, 959.61, 1005.31, 924.46, 1017.02, 916.26, 986.56, 902.2, 1009.99, 864.71, 998.28, 806.13, 1013.51, 789.73, 1017.02, 748.72, 1017.02, 721.77, 980.7, 712.4, 821.36, 739.35, 731.15, 701.86, 693.65, 660.85, 616.33, 662.02, 738.18, 636.25, 781.53, 626.87, 827.22, 637.42, 901.03, 628.04, 970.16, 601.1, 932.67, 587.04, 711.23, 561.26, 662.02, 588.21, 642.1, 550.72, 666.71, 550.72, 692.48, 560.09, 753.41, 572.98, 826.05, 572.98, 924.46, 549.55, 933.84, 534.31, 891.66, 533.14, 925.64, 513.11, 952.0, 513.11, 977.89, 509.83, 1008.47, 480.77, 1016.55, 435.55, 1016.55, 383.88, 1016.55, 345.1, 1015.03, 343.46, 918.14, 343.46, 855.1, 335.37, 793.71, 328.93, 746.85, 367.71, 729.16, 357.98, 701.62, 331.97, 706.19, 316.27, 710.53, 296.24, 665.07, 263.79, 623.36, 266.48, 573.68, 266.48, 546.03, 238.95, 557.98, 232.97, 573.68, 209.77, 570.99, 198.88, 596.41]], "area": 675845.0, "bbox": [146.51, 10.6, 871.68, 1006.42], "iscrowd": 0, "attributes": {"occluded": false}}, {"id": 4, "image_id": 4, "category_id": 2, "segmentation": [[328.11, 1007.65, 323.42, 920.95, 321.08, 861.2, 301.16, 879.94, 269.53, 882.29, 264.84, 843.62, 246.09, 819.02, 205.09, 819.02, 189.86, 800.27, 188.68, 753.41, 134.79, 758.09, 113.7, 759.27, 110.19, 748.72, 64.49, 746.38, 24.66, 751.06, 5.91, 745.21, 0.0, 402.36, 0.0, 337.08, 44.57, 321.08, 68.01, 305.85, 99.64, 305.85, 114.87, 263.67, 124.25, 230.86, 124.25, 263.67, 158.22, 263.67, 158.22, 223.83, 167.6, 223.83, 193.37, 262.5, 222.66, 241.41, 234.38, 246.09, 175.8, 344.51, 70.35, 411.29, 45.75, 417.15, 49.26, 424.18, 148.85, 385.52, 132.45, 464.02, 153.54, 420.67, 198.06, 376.14, 227.35, 318.74, 264.84, 294.13, 301.16, 314.05, 258.98, 353.88, 310.53, 342.17, 317.56, 423.01, 319.91, 509.71, 296.47, 549.55, 310.53, 556.57, 339.82, 526.11, 336.31, 458.16, 333.97, 383.17, 328.11, 348.03, 343.34, 348.03, 360.91, 398.41, 360.91, 469.87, 360.91, 531.97, 360.91, 644.45, 389.03, 499.17, 400.75, 509.71, 411.29, 577.66, 410.12, 621.01, 434.73, 591.72, 414.81, 514.4, 410.12, 461.67, 389.03, 376.14, 392.55, 319.91, 410.12, 328.11, 435.9, 412.46, 453.47, 448.79, 454.64, 380.83, 435.9, 350.37, 469.87, 341.0, 389.03, 275.38, 418.32, 254.3, 464.02, 253.12, 493.31, 326.94, 541.34, 325.76, 571.81, 294.13, 630.39, 284.76, 719.43, 270.7, 758.09, 271.87, 811.99, 283.59, 886.97, 372.63, 936.18, 432.38, 911.58, 331.62, 874.09, 303.5, 894.0, 267.18, 952.58, 267.18, 1005.31, 269.53, 1021.71, 274.21, 1022.88, 377.32, 1022.88, 441.76, 1022.88, 519.08, 1015.85, 609.3, 1014.68, 672.57, 1009.99, 733.49, 998.28, 742.86, 998.28, 799.1, 987.73, 821.36, 968.99, 804.96, 968.99, 858.85, 945.55, 863.54, 947.9, 917.44, 947.9, 953.76, 918.61, 986.56, 882.29, 1021.71, 830.74, 1022.88, 806.13, 1017.02, 809.65, 952.58, 822.53, 869.4, 827.22, 806.13, 797.93, 806.13, 797.93, 858.85, 823.71, 935.01, 795.59, 937.35, 783.87, 891.66, 780.36, 862.37, 772.15, 923.29, 760.44, 926.81, 700.68, 924.46, 720.6, 868.23, 681.94, 899.86, 674.91, 902.2, 647.96, 895.17, 618.67, 896.35, 578.84, 911.58, 565.95, 885.8, 565.95, 828.39, 558.92, 793.24, 526.11, 844.79, 520.25, 903.38, 506.19, 936.18, 481.59, 978.36, 479.25, 1000.62, 406.61, 1007.65]], "area": 577345.0, "bbox": [0.0, 223.83, 1022.88, 799.05], "iscrowd": 0, "attributes": {"occluded": false}}, {"id": 5, "image_id": 5, "category_id": 2, "segmentation": [[7.08, 590.55, 34.03, 595.24, 28.17, 565.95, 1.22, 540.17, 2.4, 523.77, 21.14, 527.28, 25.83, 485.11, 43.4, 577.66, 43.4, 595.24, 50.43, 554.23, 59.81, 528.46, 82.07, 514.4, 106.67, 513.22, 120.73, 486.28, 121.9, 465.19, 113.7, 442.93, 113.7, 426.52, 113.7, 403.09, 91.44, 373.8, 109.01, 380.83, 119.56, 394.89, 153.54, 391.38, 166.42, 358.57, 173.45, 362.09, 175.8, 331.62, 175.8, 349.2, 198.06, 333.97, 234.38, 331.62, 225.01, 273.04, 230.86, 241.41, 208.6, 208.6, 225.01, 225.01, 242.58, 189.86, 242.58, 228.52, 242.58, 261.33, 242.58, 294.13, 260.15, 330.45, 273.04, 348.03, 274.21, 323.42, 301.16, 318.74, 309.36, 292.96, 295.3, 233.21, 295.3, 212.12, 316.39, 196.89, 310.53, 221.49, 310.53, 257.81, 317.56, 291.79, 318.74, 307.02, 328.11, 270.7, 331.62, 227.35, 358.57, 226.18, 350.37, 248.44, 338.65, 291.79, 338.65, 316.39, 355.06, 274.21, 355.06, 303.5, 353.88, 324.59, 373.8, 338.65, 387.86, 312.88, 406.61, 305.85, 421.84, 296.47, 424.18, 274.21, 432.38, 283.59, 437.07, 303.5, 455.82, 302.33, 453.47, 284.76, 453.47, 264.84, 464.02, 264.84, 469.87, 294.13, 480.42, 255.47, 497.99, 236.72, 500.34, 257.81, 500.34, 263.67, 514.4, 263.67, 534.31, 275.38, 547.2, 260.15, 549.55, 235.55, 556.57, 267.18, 576.49, 264.84, 578.84, 212.12, 595.24, 206.26, 647.96, 217.98, 662.02, 219.15, 637.42, 228.52, 589.38, 219.15, 589.38, 247.27, 606.95, 239.06, 638.59, 246.09, 662.02, 230.86, 677.25, 208.6, 683.11, 182.83, 690.14, 133.62, 698.34, 105.5, 717.09, 85.58, 749.89, 89.1, 774.5, 92.61, 809.65, 117.22, 844.79, 145.33, 844.79, 160.57, 811.99, 153.54, 792.07, 130.1, 759.27, 113.7, 722.95, 110.19, 703.03, 157.05, 728.8, 145.33, 729.98, 164.08, 742.86, 152.36, 772.15, 137.13, 783.87, 144.16, 768.64, 189.86, 753.41, 236.72, 772.15, 236.72, 749.89, 254.3, 752.24, 263.67, 769.81, 264.84, 800.27, 263.67, 828.39, 256.64, 804.96, 273.04, 823.71, 287.1, 826.05, 298.82, 841.28, 280.07, 861.2, 289.44, 877.6, 291.79, 888.14, 271.87, 889.32, 299.99, 918.61, 301.16, 976.02, 310.53, 998.28, 314.05, 973.67, 326.94, 953.76, 344.51, 976.02, 345.68, 973.67, 355.06, 985.39, 366.77, 1017.02, 383.17, 1017.02, 399.58, 976.02, 400.75, 1024.0, 417.89, 1024.0, 423.53, 1020.54, 438.24, 1002.96, 444.1, 1020.54, 460.5, 1021.71, 482.76, 978.36, 459.33, 978.36, 474.56, 977.19, 482.76, 977.19, 522.6, 986.56, 548.37, 986.56, 575.32, 984.22, 583.52, 963.13, 543.69, 957.27, 527.28, 944.38, 527.28, 946.73, 549.55, 916.26, 535.49, 917.44, 560.09, 938.52, 585.87, 902.2, 568.29, 895.17, 564.78, 905.72, 603.44, 929.15, 650.3, 958.44, 753.41, 937.35, 822.53, 939.7, 740.52, 906.89, 647.96, 889.32, 617.5, 848.31, 582.35, 865.88, 622.19, 865.88, 654.99, 853.0, 657.33, 853.0, 691.31, 848.31, 732.32, 845.97, 753.41, 865.88, 783.87, 841.28, 779.18, 835.42, 808.47, 844.79, 853.0, 831.91, 860.03, 782.7, 815.5, 742.86, 761.61, 721.77, 711.23, 704.2, 714.74, 700.68, 733.49, 700.68, 782.7, 704.2, 828.39, 704.2, 854.17, 676.08, 775.67, 657.33, 752.24, 645.62, 769.81, 646.79, 803.79, 623.36, 795.59, 654.99, 858.85, 662.02, 885.8, 616.33, 850.65, 580.01, 755.75, 565.95, 759.27, 567.12, 811.99, 567.12, 847.14, 542.52, 896.35, 528.46, 857.68, 515.57, 742.86, 510.88, 688.97, 467.53, 643.28, 456.99, 697.17, 447.61, 767.47, 434.73, 806.13, 415.98, 790.9, 415.98, 669.05, 389.03, 694.83, 364.43, 706.54, 351.54, 748.72, 311.71, 738.18, 294.13, 720.6, 263.67, 728.8, 248.44, 707.71, 217.98, 706.54, 205.09, 694.83, 186.34, 731.15, 132.45, 754.58, 112.53, 782.7, 91.44, 769.81, 124.25, 792.07, 331.62, 899.86, 398.41, 946.73, 346.85, 936.18, 229.69, 860.03, 187.51, 845.97, 114.87, 814.33, 63.32, 787.38, 58.63, 792.07, 58.63, 841.28, 53.95, 864.71, 23.49, 855.34, 15.28, 801.44, 11.77, 765.12, 8.25, 708.89, 7.08, 691.31]], "area": 443808.0, "bbox": [1.22, 85.58, 1022.78, 861.15], "iscrowd": 0, "attributes": {"occluded": false}}, {"id": 6, "image_id": 6, "category_id": 2, "segmentation": [[0.0, 37.69, 16.46, 39.89, 24.66, 78.55, 38.52, 0.0, 42.4, 0.0, 55.12, 84.41, 58.63, 0.05, 59.7, 0.0, 82.01, 0.0, 79.72, 48.09, 99.64, 2.4, 138.3, 1.22, 140.65, 70.35, 139.48, 116.04, 139.48, 164.08, 151.19, 175.8, 179.31, 175.8, 192.2, 164.08, 196.89, 125.42, 208.6, 65.66, 213.29, 32.86, 223.83, 2.4, 258.98, 2.4, 249.61, 55.12, 256.64, 92.61, 267.18, 118.39, 285.93, 116.04, 285.93, 89.1, 283.59, 29.34, 277.73, 4.74, 282.41, 7.08, 291.79, 41.06, 305.85, 41.06, 301.16, 10.6, 713.57, 4.74, 718.26, 46.92, 718.26, 75.04, 738.18, 76.21, 738.18, 50.43, 740.52, 25.83, 731.15, 8.25, 756.92, 1.22, 765.12, 19.97, 765.12, 41.06, 767.47, 73.87, 781.53, 99.64, 783.87, 51.6, 790.9, 7.08, 808.1, 0.0, 810.84, 0.0, 811.99, 55.12, 815.5, 87.92, 814.33, 128.93, 813.16, 151.19, 842.45, 132.45, 844.79, 98.47, 860.03, 52.78, 867.06, 4.74, 874.09, 4.74, 874.09, 30.52, 870.57, 65.66, 861.2, 93.78, 902.2, 43.4, 920.95, 2.4, 927.98, 2.4, 929.15, 27.0, 884.63, 85.58, 868.23, 117.22, 855.34, 135.96, 850.65, 155.88, 851.82, 179.31, 858.85, 194.54, 861.2, 213.29, 862.37, 222.66, 895.17, 202.74, 894.0, 174.63, 895.17, 139.48, 899.86, 165.25, 912.75, 151.19, 913.92, 110.19, 925.64, 59.81, 933.84, 48.09, 935.01, 71.52, 935.01, 110.19, 933.84, 152.36, 933.84, 171.11, 950.24, 123.07, 963.13, 77.38, 961.96, 36.37, 961.96, 9.43, 974.84, 4.74, 990.08, 5.91, 981.87, 36.37, 981.87, 73.87, 970.16, 106.67, 967.82, 128.93, 957.27, 150.02, 957.27, 181.65, 954.93, 209.77, 960.79, 169.94, 986.56, 141.82, 1011.17, 112.53, 1021.71, 107.84, 1024.0, 119.68, 1024.0, 853.21, 1022.88, 1020.54, 994.76, 1019.37, 986.56, 984.22, 936.18, 1011.17, 895.17, 1014.68, 855.34, 1018.19, 827.22, 1018.19, 850.65, 959.61, 883.46, 802.62, 888.14, 708.89, 867.06, 739.35, 851.82, 790.9, 829.56, 842.45, 780.36, 925.64, 772.15, 972.5, 740.52, 1006.48, 729.98, 1001.79, 772.15, 906.89, 802.62, 843.62, 821.36, 787.38, 797.93, 801.44, 776.84, 800.27, 761.61, 819.02, 732.32, 806.13, 713.57, 808.47, 696.0, 892.83, 685.45, 935.01, 666.71, 946.73, 656.16, 927.98, 642.1, 925.64, 636.25, 889.32, 636.25, 820.19, 636.25, 773.33, 605.78, 773.33, 605.78, 824.88, 613.98, 877.6, 625.7, 925.64, 613.98, 935.01, 596.41, 858.85, 588.21, 901.03, 587.04, 932.67, 580.01, 916.26, 577.66, 824.88, 567.12, 785.04, 556.57, 756.92, 550.72, 787.38, 549.55, 862.37, 534.31, 911.58, 534.31, 943.21, 517.91, 939.7, 517.91, 841.28, 508.54, 822.53, 503.85, 829.56, 496.82, 870.57, 495.65, 896.35, 509.71, 942.04, 508.54, 964.3, 489.79, 952.58, 488.62, 923.29, 483.93, 939.7, 468.7, 926.81, 471.05, 882.29, 461.67, 870.57, 465.19, 953.76, 442.93, 945.55, 426.52, 865.88, 418.32, 821.36, 415.98, 840.11, 406.61, 877.6, 394.89, 915.09, 384.35, 933.84, 348.03, 937.35, 321.08, 959.61, 321.08, 995.93, 303.5, 1020.54, 7.08, 1021.71, 0.0, 171.73]], "area": 911679.0, "bbox": [0.0, 0.0, 1024.0, 1021.71], "iscrowd": 0, "attributes": {"occluded": false}}, {"id": 7, "image_id": 7, "category_id": 2, "segmentation": [[0.05, 10.6, 19.97, 89.1, 29.34, 49.26, 29.34, 97.3, 29.34, 140.65, 55.12, 93.78, 44.57, 159.39, 48.09, 250.78, 69.18, 243.75, 73.87, 206.26, 79.72, 166.42, 77.38, 103.16, 89.1, 152.36, 99.64, 145.33, 126.59, 0.05, 144.16, 10.6, 126.59, 117.22, 130.1, 147.68, 158.22, 130.1, 179.31, 99.64, 179.31, 45.75, 171.11, 42.23, 175.8, 4.74, 180.48, 4.74, 187.51, 75.04, 202.74, 83.24, 202.74, 65.66, 194.54, 2.4, 215.63, 59.81, 234.38, 39.89, 248.44, 24.66, 253.12, 8.25, 253.12, 42.23, 275.38, 24.66, 266.01, 77.38, 285.93, 62.15, 281.24, 110.19, 289.44, 104.33, 288.27, 134.79, 288.27, 157.05, 291.79, 121.9, 291.79, 65.66, 303.5, 68.01, 308.19, 90.27, 309.36, 125.42, 309.36, 162.91, 316.39, 203.92, 328.11, 176.97, 328.11, 118.39, 329.28, 82.07, 341.0, 59.81, 341.0, 32.86, 342.17, 101.98, 360.91, 110.19, 372.63, 112.53, 349.2, 126.59, 349.2, 159.39, 380.83, 132.45, 380.83, 110.19, 380.83, 64.49, 384.35, 27.0, 407.78, 34.03, 401.92, 78.55, 401.92, 97.3, 401.92, 116.04, 439.41, 34.03, 442.93, 52.78, 426.52, 82.07, 446.44, 73.87, 433.55, 90.27, 427.7, 109.01, 462.84, 55.12, 462.84, 60.98, 462.84, 75.04, 446.44, 99.64, 426.52, 134.79, 421.84, 146.51, 425.35, 176.97, 437.07, 210.95, 441.76, 175.8, 453.47, 158.22, 449.96, 153.54, 449.96, 138.3, 449.96, 119.56, 467.53, 92.61, 467.53, 132.45, 481.59, 101.98, 481.59, 59.81, 485.11, 23.49, 495.65, 23.49, 495.65, 109.01, 510.88, 15.28, 516.74, 63.32, 526.11, 94.95, 512.05, 104.33, 536.66, 78.55, 521.43, 29.34, 523.77, 9.43, 549.55, 9.43, 556.57, 28.17, 561.26, 58.63, 567.12, 94.95, 567.12, 116.04, 588.21, 59.81, 592.9, 71.52, 597.58, 99.64, 608.13, 98.47, 609.3, 121.9, 613.98, 152.36, 621.01, 141.82, 621.01, 86.75, 621.01, 27.0, 621.01, 3.57, 630.39, 2.4, 635.07, 78.55, 637.42, 103.16, 654.99, 107.84, 654.99, 87.92, 660.85, 66.84, 669.05, 52.78, 679.6, 41.06, 696.0, 18.8, 699.32, 0.0, 706.22, 0.0, 713.57, 1.22, 700.68, 32.86, 697.17, 56.29, 694.83, 82.07, 701.86, 100.81, 704.2, 111.36, 718.26, 43.4, 719.43, 43.4, 722.95, 99.64, 729.98, 100.81, 742.86, 36.37, 745.21, 57.46, 748.72, 45.75, 752.24, 7.08, 768.64, 11.77, 773.33, 39.89, 796.76, 27.0, 783.87, 53.95, 792.07, 69.18, 806.13, 71.52, 804.96, 84.41, 850.65, 30.52, 856.51, 44.57, 806.13, 99.64, 813.16, 116.04, 824.88, 134.79, 826.05, 112.53, 831.91, 78.55, 838.94, 84.41, 838.94, 109.01, 841.28, 146.51, 850.65, 151.19, 855.34, 157.05, 869.4, 135.96, 897.52, 87.92, 877.6, 142.99, 894.0, 144.16, 890.49, 164.08, 890.49, 179.31, 899.86, 169.94, 903.38, 150.02, 917.44, 151.19, 925.64, 151.19, 930.32, 104.33, 940.87, 91.44, 940.87, 106.67, 947.9, 113.7, 958.44, 118.39, 960.79, 107.84, 960.79, 107.84, 976.02, 109.01, 986.56, 113.7, 999.45, 123.07, 999.45, 150.02, 1007.65, 150.02, 1022.88, 184.0, 1024.0, 584.43, 1024.0, 1022.88, 4.74, 1020.54]], "area": 949344.0, "bbox": [0.05, 0.0, 1023.95, 1022.88], "iscrowd": 0, "attributes": {"occluded": false}}, {"id": 8, "image_id": 8, "category_id": 2, "segmentation": [[1021.71, 438.24, 1014.68, 462.84, 998.28, 462.84, 988.9, 479.25, 988.9, 507.37, 954.93, 506.19, 930.32, 496.82, 917.44, 507.37, 906.89, 526.11, 884.63, 521.43, 888.14, 549.55, 857.68, 540.17, 855.34, 497.99, 847.14, 507.37, 829.56, 478.08, 811.99, 486.28, 824.88, 521.43, 794.41, 535.49, 809.65, 549.55, 774.5, 549.55, 774.5, 574.15, 770.98, 589.38, 770.98, 613.98, 772.15, 631.56, 800.27, 622.19, 800.27, 653.82, 808.47, 657.33, 819.02, 672.57, 793.24, 673.74, 747.55, 674.91, 732.32, 698.34, 732.32, 722.95, 746.38, 747.55, 767.47, 747.55, 731.15, 755.75, 737.01, 755.75, 748.72, 774.5, 727.63, 796.76, 720.6, 811.99, 711.23, 827.22, 739.35, 838.94, 763.95, 816.68, 765.12, 856.51, 782.7, 824.88, 786.21, 787.38, 814.33, 787.38, 802.62, 827.22, 835.42, 827.22, 834.25, 799.1, 854.17, 799.1, 868.23, 814.33, 868.23, 841.28, 896.35, 840.11, 905.72, 815.5, 939.7, 815.5, 1009.99, 817.85, 1022.88, 843.62, 1024.0, 899.92, 1024.0, 1020.54, 1.22, 1020.54, 1.22, 4.74, 73.87, 3.57, 116.04, 49.26, 150.02, 59.81, 188.68, 80.9, 216.8, 107.84, 244.92, 107.84, 249.61, 151.19, 290.62, 189.86, 325.76, 205.09, 289.44, 140.65, 314.05, 120.73, 315.22, 87.92, 287.1, 27.0, 287.1, 9.43, 917.44, 0.05, 905.72, 39.89, 885.8, 69.18, 882.29, 145.33, 913.92, 106.67, 932.67, 65.66, 951.41, 15.28, 981.87, 8.25, 959.61, 90.27, 943.21, 135.96, 1006.48, 77.38, 1024.0, 102.57, 1024.0, 235.95]], "area": 927343.0, "bbox": [1.22, 0.05, 1022.78, 1020.49], "iscrowd": 0, "attributes": {"occluded": false}}, {"id": 9, "image_id": 9, "category_id": 2, "segmentation": [[4.74, 184.0, 5.91, 236.72, 18.8, 221.49, 27.0, 164.08, 52.78, 159.39, 30.52, 239.06, 16.46, 267.18, 17.63, 329.28, 28.17, 295.3, 35.2, 330.45, 43.4, 322.25, 43.4, 295.3, 36.37, 271.87, 50.43, 273.04, 70.35, 296.47, 76.21, 314.05, 82.07, 310.53, 107.84, 273.04, 91.44, 332.79, 97.3, 331.62, 112.53, 318.74, 128.93, 289.44, 135.96, 254.3, 148.85, 180.48, 173.45, 77.38, 180.48, 77.38, 161.74, 242.58, 155.88, 268.36, 154.71, 290.62, 195.71, 260.15, 198.06, 271.87, 161.74, 301.16, 166.42, 314.05, 188.68, 289.44, 244.92, 229.69, 215.63, 270.7, 222.66, 301.16, 246.09, 301.16, 243.75, 331.62, 239.06, 355.06, 258.98, 374.97, 269.53, 351.54, 270.7, 321.08, 284.76, 281.24, 292.96, 251.95, 295.3, 233.21, 307.02, 294.13, 311.71, 270.7, 324.59, 248.44, 330.45, 261.33, 343.34, 268.36, 335.14, 303.5, 326.94, 323.42, 321.08, 339.82, 331.62, 352.71, 343.34, 353.88, 345.68, 331.62, 351.54, 303.5, 360.91, 303.5, 360.91, 329.28, 359.74, 351.54, 365.6, 366.77, 374.97, 358.57, 367.94, 339.82, 369.11, 316.39, 377.32, 328.11, 397.23, 323.42, 407.78, 304.68, 425.35, 302.33, 419.49, 316.39, 456.99, 348.03, 469.87, 332.79, 488.62, 317.56, 503.85, 299.99, 543.69, 276.56, 550.72, 278.9, 539.0, 299.99, 527.28, 308.19, 527.28, 318.74, 527.28, 326.94, 527.28, 336.31, 548.37, 336.31, 572.98, 331.62, 583.52, 333.97, 572.98, 341.0, 567.12, 367.94, 589.38, 336.31, 591.72, 345.68, 606.95, 344.51, 610.47, 342.17, 622.19, 336.31, 640.93, 324.59, 663.19, 309.36, 657.33, 324.59, 671.39, 332.79, 684.28, 332.79, 678.42, 262.5, 698.34, 344.51, 693.65, 198.06, 696.0, 198.06, 705.37, 200.4, 710.06, 332.79, 719.43, 309.36, 732.32, 186.34, 745.21, 189.86, 735.83, 351.54, 738.18, 389.03, 748.72, 333.97, 756.92, 318.74, 756.92, 268.36, 770.98, 351.54, 779.18, 367.94, 796.76, 362.09, 796.76, 392.55, 810.82, 400.75, 823.71, 389.03, 829.56, 370.29, 886.97, 251.95, 895.17, 251.95, 865.88, 348.03, 891.66, 387.86, 912.75, 401.92, 906.89, 371.46, 905.72, 352.71, 891.66, 318.74, 902.2, 319.91, 957.27, 417.15, 967.82, 386.69, 964.3, 364.43, 958.44, 336.31, 949.07, 303.5, 958.44, 308.19, 981.87, 358.57, 1009.99, 318.74, 1009.99, 332.79, 1000.62, 358.57, 1019.37, 384.35, 1022.88, 1020.54, 1.22, 1022.88]], "area": 720071.0, "bbox": [1.22, 77.38, 1021.66, 945.5], "iscrowd": 0, "attributes": {"occluded": false}}, {"id": 10, "image_id": 10, "category_id": 2, "segmentation": [[153.54, 762.78, 142.99, 680.77, 140.65, 652.65, 114.87, 612.81, 103.16, 562.43, 100.81, 494.48, 91.44, 471.05, 89.1, 413.64, 90.27, 372.63, 90.27, 326.94, 98.47, 303.5, 92.61, 248.44, 113.7, 278.9, 110.19, 241.41, 123.07, 173.45, 123.07, 262.5, 137.13, 253.12, 128.93, 287.1, 135.96, 296.47, 144.16, 275.38, 175.8, 175.8, 160.57, 273.04, 180.48, 277.73, 192.2, 289.44, 192.2, 303.5, 196.89, 281.24, 194.54, 256.64, 179.31, 229.69, 185.17, 226.18, 208.6, 266.01, 226.18, 184.0, 237.89, 182.83, 221.49, 244.92, 221.49, 274.21, 221.49, 289.44, 222.66, 261.33, 232.03, 260.15, 232.03, 299.99, 240.24, 273.04, 243.75, 263.67, 243.75, 249.61, 249.61, 205.09, 253.12, 192.2, 260.15, 203.92, 264.84, 188.68, 266.01, 174.63, 278.9, 174.63, 280.07, 155.88, 287.1, 139.48, 285.93, 126.59, 287.1, 121.9, 292.96, 121.9, 305.85, 128.93, 321.08, 145.33, 316.39, 124.25, 319.91, 124.25, 328.11, 144.16, 332.79, 123.07, 350.37, 139.48, 348.03, 118.39, 349.2, 104.33, 358.57, 98.47, 358.57, 78.55, 357.4, 60.98, 372.63, 94.95, 380.83, 90.27, 393.72, 80.9, 392.55, 99.64, 399.58, 110.19, 414.81, 104.33, 431.21, 104.33, 438.24, 106.67, 447.61, 97.3, 445.27, 85.58, 453.47, 69.18, 461.67, 86.75, 464.02, 100.81, 465.19, 117.22, 464.02, 134.79, 474.56, 139.48, 469.87, 120.73, 469.87, 109.01, 473.39, 104.33, 476.9, 86.75, 481.59, 60.98, 482.76, 46.92, 487.45, 77.38, 486.28, 99.64, 505.02, 90.27, 516.74, 70.35, 516.74, 82.07, 508.54, 97.3, 520.25, 97.3, 520.25, 98.47, 531.97, 101.98, 533.14, 113.7, 548.37, 106.67, 553.06, 90.27, 560.09, 64.49, 564.78, 64.49, 564.78, 84.41, 569.46, 84.41, 574.15, 68.01, 583.52, 62.15, 595.24, 36.37, 603.44, 29.34, 590.55, 82.07, 598.75, 76.21, 603.44, 66.84, 617.5, 49.26, 611.64, 72.69, 628.04, 77.38, 609.3, 96.13, 601.1, 109.01, 601.1, 125.42, 623.36, 103.16, 623.36, 120.73, 633.9, 116.04, 650.3, 112.53, 650.3, 121.9, 672.57, 114.87, 680.77, 116.04, 697.17, 120.73, 721.77, 106.67, 707.71, 124.25, 713.57, 126.59, 712.4, 144.16, 704.2, 154.71, 703.03, 173.45, 703.03, 180.48, 713.57, 167.6, 726.46, 154.71, 718.26, 179.31, 717.09, 192.2, 726.46, 185.17, 727.63, 152.36, 740.52, 152.36, 752.24, 154.71, 758.09, 173.45, 752.24, 199.23, 740.52, 228.52, 738.18, 243.75, 759.27, 240.24, 760.44, 222.66, 776.84, 196.89, 776.84, 209.77, 788.56, 209.77, 788.56, 216.8, 774.5, 237.89, 787.38, 242.58, 802.62, 241.41, 817.85, 223.83, 823.71, 209.77, 847.14, 162.91, 851.82, 200.4, 837.76, 226.18, 856.51, 226.18, 850.65, 243.75, 833.08, 275.38, 823.71, 310.53, 876.43, 232.03, 891.66, 230.86, 854.17, 277.73, 861.2, 291.79, 861.2, 309.36, 874.09, 298.82, 888.14, 278.9, 912.75, 244.92, 901.03, 292.96, 888.14, 309.36, 878.77, 339.82, 877.6, 355.06, 911.58, 321.08, 922.12, 308.19, 931.49, 280.07, 936.18, 288.27, 932.67, 325.76, 942.04, 324.59, 949.07, 310.53, 959.61, 324.59, 973.67, 318.74, 999.45, 318.74, 1009.99, 318.74, 995.93, 336.31, 972.5, 377.32, 959.61, 398.41, 949.07, 421.84, 947.9, 442.93, 980.7, 459.33, 973.67, 465.19, 960.79, 466.36, 951.41, 496.82, 988.9, 502.68, 977.19, 513.22, 946.73, 513.22, 946.73, 533.14, 937.35, 561.26, 919.78, 591.72, 910.41, 612.81, 895.17, 636.25, 865.88, 633.9, 845.97, 628.04, 845.97, 659.68, 845.97, 687.8, 820.19, 674.91, 786.21, 662.02, 769.81, 653.82, 769.81, 631.56, 754.58, 631.56, 739.35, 640.93, 733.49, 664.36, 724.12, 663.19, 705.37, 670.22, 691.31, 680.77, 690.14, 659.68, 686.63, 659.68, 677.25, 692.48, 676.08, 708.89, 645.62, 724.12, 632.73, 719.43, 608.13, 711.23, 597.58, 691.31, 597.58, 665.54, 588.21, 654.99, 570.63, 653.82, 539.0, 667.88, 531.97, 688.97, 520.25, 699.51, 510.88, 711.23, 496.82, 707.71, 480.42, 703.03, 458.16, 694.83, 446.44, 685.45, 433.55, 678.42, 403.09, 674.91, 386.69, 674.91, 357.4, 684.28, 336.31, 680.77, 315.22, 696.0, 312.88, 706.54, 325.76, 722.95, 292.96, 719.43, 301.16, 698.34, 295.3, 686.63, 288.27, 697.17, 267.18, 714.74, 267.18, 729.98, 267.18, 746.38, 240.24, 746.38, 239.06, 726.46, 217.98, 728.8, 206.26, 740.52, 189.86, 749.89, 181.65, 752.24]], "area": 436700.0, "bbox": [89.1, 29.34, 920.89, 733.44], "iscrowd": 0, "attributes": {"occluded": false}}, {"id": 11, "image_id": 11, "category_id": 2, "segmentation": [[1021.71, 309.36, 947.9, 311.71, 947.9, 267.18, 943.21, 242.58, 894.0, 241.41, 875.26, 202.74, 1017.02, 235.55, 1021.71, 199.23, 876.43, 169.94, 823.71, 5.91, 816.68, 5.91, 863.54, 157.05, 849.48, 179.31, 862.37, 202.74, 797.93, 142.99, 794.41, 148.85, 853.0, 205.09, 857.68, 232.03, 837.76, 232.03, 793.24, 192.2, 749.89, 151.19, 679.6, 120.73, 694.83, 134.79, 738.18, 160.57, 814.33, 228.52, 796.76, 241.41, 782.7, 247.27, 763.95, 233.21, 733.49, 212.12, 697.17, 194.54, 674.91, 193.37, 640.93, 171.11, 658.51, 199.23, 647.96, 210.95, 633.9, 212.12, 633.9, 187.51, 625.7, 176.97, 616.33, 182.83, 616.33, 201.57, 601.1, 203.92, 601.1, 186.34, 602.27, 107.84, 601.1, 86.75, 591.72, 87.92, 591.72, 151.19, 590.55, 180.48, 568.29, 178.14, 544.86, 171.11, 548.37, 179.31, 551.89, 189.86, 523.77, 189.86, 514.4, 193.37, 506.19, 187.51, 492.14, 168.77, 471.05, 154.71, 448.79, 139.48, 451.13, 164.08, 475.73, 180.48, 452.3, 187.51, 440.58, 196.89, 426.52, 196.89, 412.46, 189.86, 393.72, 175.8, 379.66, 157.05, 355.06, 128.93, 332.79, 106.67, 310.53, 87.92, 277.73, 71.52, 277.73, 79.72, 294.13, 96.13, 321.08, 109.01, 299.99, 110.19, 274.21, 105.5, 273.04, 113.7, 273.04, 126.59, 290.62, 140.65, 310.53, 154.71, 329.28, 169.94, 330.45, 184.0, 315.22, 178.14, 291.79, 165.25, 296.47, 181.65, 261.33, 174.63, 242.58, 179.31, 227.35, 162.91, 212.12, 150.02, 210.95, 158.22, 226.18, 188.68, 236.72, 212.12, 244.92, 240.24, 214.46, 216.8, 205.09, 200.4, 206.26, 229.69, 212.12, 248.44, 192.2, 227.35, 184.0, 199.23, 176.97, 169.94, 147.68, 109.01, 120.73, 56.29, 91.44, 17.63, 80.9, 8.25, 60.98, 8.25, 77.38, 35.2, 90.27, 58.63, 125.42, 94.95, 131.28, 117.22, 152.36, 152.36, 138.3, 148.85, 116.04, 133.62, 77.38, 92.61, 53.95, 65.66, 30.52, 34.03, 7.08, 7.08, 3.57, 25.83, 23.49, 53.95, 36.37, 72.69, 57.46, 94.95, 72.69, 113.7, 94.95, 138.3, 130.1, 173.45, 119.56, 189.86, 97.3, 172.28, 82.07, 142.99, 68.01, 140.65, 73.87, 154.71, 58.63, 147.68, 46.92, 144.16, 46.92, 154.71, 60.98, 169.94, 90.27, 188.68, 86.75, 236.72, 73.87, 228.52, 60.98, 199.23, 44.57, 169.94, 25.83, 139.48, 9.43, 144.16, 24.66, 171.11, 32.86, 193.37, 17.63, 191.03, 10.6, 173.45, 2.4, 1019.37, 1024.0, 1020.54, 1024.0, 656.88]], "area": 854388.0, "bbox": [2.4, 5.91, 1021.6, 1014.63], "iscrowd": 0, "attributes": {"occluded": false}}, {"id": 12, "image_id": 12, "category_id": 2, "segmentation": [[380.83, 1001.79, 353.88, 911.58, 329.28, 814.33, 326.94, 741.69, 393.72, 984.22, 380.83, 861.2, 378.49, 775.67, 378.49, 722.95, 366.77, 667.88, 349.2, 639.76, 285.93, 544.86, 278.9, 501.51, 322.25, 517.91, 343.34, 592.9, 370.29, 645.62, 366.77, 587.04, 352.71, 523.77, 335.14, 488.62, 335.14, 455.82, 332.79, 421.84, 304.68, 284.76, 310.53, 234.38, 309.36, 165.25, 322.25, 174.63, 351.54, 351.54, 367.94, 458.16, 367.94, 478.08, 374.97, 428.87, 374.97, 374.97, 374.97, 328.11, 386.69, 328.11, 386.69, 367.94, 393.72, 417.15, 404.26, 415.98, 405.44, 385.52, 405.44, 339.82, 432.38, 318.74, 438.24, 345.68, 428.87, 401.92, 441.76, 412.46, 467.53, 419.49, 467.53, 393.72, 483.93, 379.66, 502.68, 379.66, 497.99, 353.88, 495.65, 318.74, 507.37, 344.51, 516.74, 394.89, 516.74, 344.51, 514.4, 284.76, 517.91, 261.33, 530.8, 261.33, 537.83, 348.03, 527.28, 397.23, 535.49, 438.24, 536.66, 458.16, 547.2, 488.62, 557.75, 448.79, 557.75, 404.26, 558.92, 383.17, 569.46, 367.94, 601.1, 365.6, 617.5, 356.23, 617.5, 384.35, 618.67, 407.78, 617.5, 428.87, 608.13, 469.87, 608.13, 489.79, 601.1, 510.88, 601.1, 541.34, 584.69, 582.35, 597.58, 605.78, 616.33, 574.15, 612.81, 619.84, 608.13, 657.33, 604.61, 696.0, 604.61, 725.29, 604.61, 753.41, 601.1, 773.33, 602.27, 802.62, 602.27, 829.56, 612.81, 864.71, 613.98, 901.03, 613.98, 923.29, 596.41, 924.46, 592.9, 864.71, 591.72, 808.47, 576.49, 804.96, 574.15, 829.56, 571.81, 847.14, 561.26, 847.14, 570.63, 886.97, 576.49, 936.18, 589.38, 952.58, 556.57, 947.9, 550.72, 892.83, 543.69, 874.09, 541.34, 916.26, 528.46, 915.09, 526.11, 861.2, 527.28, 827.22, 517.91, 797.93, 503.85, 779.18, 494.48, 800.27, 478.08, 802.62, 459.33, 845.97, 438.24, 867.06, 440.58, 892.83, 440.58, 923.29, 428.87, 968.99, 420.67, 1005.31, 407.78, 1019.37, 387.86, 1019.37]], "area": 138937.0, "bbox": [278.9, 165.25, 339.77, 854.12], "iscrowd": 0, "attributes": {"occluded": false}}, {"id": 13, "image_id": 12, "category_id": 2, "segmentation": [[739.35, 652.65, 760.44, 672.57, 778.01, 724.12, 826.05, 724.12, 856.51, 714.74, 867.06, 686.63, 868.23, 658.51, 885.8, 635.07, 902.2, 603.44, 895.17, 576.49, 894.0, 544.86, 875.26, 535.49, 875.26, 506.19, 885.8, 465.19, 888.14, 433.55, 896.35, 408.95, 906.89, 362.09, 898.69, 353.88, 886.97, 383.17, 874.09, 425.35, 855.34, 417.15, 849.48, 396.06, 843.62, 312.88, 831.91, 314.05, 835.42, 394.89, 835.42, 437.07, 824.88, 438.24, 809.65, 431.21, 800.27, 419.49, 803.79, 396.06, 789.73, 393.72, 773.33, 371.46, 758.09, 371.46, 748.72, 366.77, 725.29, 369.11, 725.29, 399.58, 727.63, 441.76, 714.74, 441.76, 714.74, 380.83, 692.48, 379.66, 666.71, 359.74, 665.54, 386.69, 656.16, 387.86, 656.16, 433.55, 640.93, 465.19, 643.28, 495.65, 656.16, 522.6, 658.51, 553.06, 665.54, 589.38, 645.62, 596.41, 652.65, 612.81, 653.82, 650.3, 667.88, 672.57, 673.74, 688.97, 703.03, 688.97, 738.18, 650.3]], "area": 71135.0, "bbox": [640.93, 312.88, 265.96, 411.24], "iscrowd": 0, "attributes": {"occluded": false}}, {"id": 14, "image_id": 13, "category_id": 1, "segmentation": [[275.38, 763.95, 205.09, 766.3, 178.14, 794.41, 153.54, 836.59, 134.79, 864.71, 135.96, 835.42, 82.07, 835.42, 82.07, 807.3, 126.59, 810.82, 158.22, 787.38, 76.21, 776.84, 78.55, 734.66, 166.42, 756.92, 176.97, 737.01, 111.36, 735.83, 134.79, 721.77, 106.67, 667.88, 118.39, 621.01, 140.65, 590.55, 90.27, 563.6, 48.09, 521.43, 4.74, 478.08, 3.57, 5.91, 91.44, 1.22, 145.33, 0.05, 145.33, 50.43, 168.77, 10.6, 189.86, 42.23, 200.4, 80.9, 186.34, 100.81, 215.63, 128.93, 236.72, 151.19, 256.64, 133.62, 285.93, 125.42, 317.56, 107.84, 366.77, 105.5, 396.06, 84.41, 432.38, 75.04, 425.35, 52.78, 446.44, 51.6, 468.7, 39.89, 478.08, 50.43, 497.99, 48.09, 500.34, 77.38, 513.22, 87.92, 529.63, 79.72, 550.72, 86.75, 567.12, 92.61, 588.21, 106.67, 589.38, 118.39, 625.7, 117.22, 633.9, 103.16, 646.79, 86.75, 647.96, 63.32, 684.28, 30.52, 708.89, 38.72, 745.21, 60.98, 752.24, 70.35, 760.44, 101.98, 778.01, 109.01, 808.47, 130.1, 831.91, 106.67, 838.94, 79.72, 850.65, 53.95, 851.82, 2.4, 888.14, 27.0, 911.58, 53.95, 935.01, 104.33, 933.84, 117.22, 886.97, 125.42, 831.91, 135.96, 833.08, 164.08, 847.14, 188.68, 854.17, 212.12, 855.34, 235.55, 858.85, 260.15, 879.94, 258.98, 881.11, 268.36, 847.14, 298.82, 877.6, 322.25, 877.6, 341.0, 902.2, 317.56, 908.06, 285.93, 929.15, 278.9, 940.87, 297.65, 940.87, 317.56, 899.86, 343.34, 898.69, 374.97, 947.9, 339.82, 971.33, 338.65, 981.87, 338.65, 993.59, 355.06, 998.28, 370.29, 1006.48, 389.03, 1019.37, 405.44, 1020.54, 431.21, 1020.54, 465.19, 1020.54, 481.59, 986.56, 481.59, 966.64, 486.28, 959.61, 510.88, 973.67, 539.0, 1005.31, 546.03, 1022.88, 567.12, 1002.96, 578.84, 966.64, 609.3, 938.52, 630.39, 950.24, 644.45, 997.11, 644.45, 974.84, 664.36, 836.59, 792.07, 802.62, 845.97, 800.27, 867.06, 778.01, 903.38, 731.15, 902.2, 664.36, 902.2, 665.54, 945.55, 669.05, 997.11, 640.93, 1015.85, 606.95, 1015.85, 565.95, 1000.62, 509.71, 994.76, 476.9, 1014.68, 426.52, 1014.68, 363.26, 1011.17, 358.57, 961.96, 317.56, 935.01, 288.27, 897.52, 263.67, 867.06, 253.12, 904.55, 253.12, 933.84, 257.81, 976.02, 254.3, 999.45, 248.44, 906.89, 246.09, 936.18, 230.86, 995.93, 206.26, 1013.51, 201.57, 993.59, 219.15, 919.78, 221.49, 896.35, 201.57, 923.29, 169.94, 964.3, 144.16, 963.13, 152.36, 940.87, 187.51, 935.01, 200.4, 915.09, 165.25, 915.09, 135.96, 911.58, 134.79, 899.86, 175.8, 898.69, 215.63, 890.49, 229.69, 854.17, 256.64, 807.3, 256.64, 772.15, 247.27, 761.61, 240.24, 758.09]], "area": 745855.0, "bbox": [3.57, 0.05, 1019.31, 1015.8], "iscrowd": 0, "attributes": {"occluded": false}}, {"id": 15, "image_id": 14, "category_id": 1, "segmentation": [[146.51, 441.76, 146.51, 433.55, 182.83, 434.73, 168.77, 415.98, 168.77, 396.06, 189.86, 392.55, 223.83, 372.63, 181.65, 367.94, 176.97, 353.88, 185.17, 350.37, 186.34, 335.14, 202.74, 341.0, 203.92, 329.28, 223.83, 329.28, 225.01, 342.17, 222.66, 321.08, 222.66, 298.82, 233.21, 304.68, 241.41, 278.9, 269.53, 275.38, 270.7, 250.78, 285.93, 266.01, 304.68, 264.84, 304.68, 242.58, 323.42, 243.75, 326.94, 261.33, 341.0, 260.15, 342.17, 216.8, 360.91, 247.27, 397.23, 250.78, 401.92, 268.36, 412.46, 255.47, 421.84, 270.7, 445.27, 267.18, 455.82, 255.47, 465.19, 284.76, 469.87, 302.33, 473.39, 302.33, 473.39, 261.33, 489.79, 269.53, 492.14, 301.16, 492.14, 266.01, 493.31, 222.66, 519.08, 241.41, 507.37, 187.51, 519.08, 200.4, 536.66, 244.92, 539.0, 264.84, 549.55, 256.64, 550.72, 222.66, 574.15, 246.09, 588.21, 237.89, 598.75, 236.72, 615.16, 223.83, 617.5, 237.89, 623.36, 206.26, 633.9, 207.43, 645.62, 226.18, 658.51, 236.72, 658.51, 254.3, 665.54, 270.7, 665.54, 281.24, 665.54, 295.3, 669.05, 324.59, 676.08, 330.45, 681.94, 316.39, 696.0, 290.62, 711.23, 308.19, 712.4, 277.73, 714.74, 254.3, 726.46, 244.92, 735.83, 237.89, 735.83, 206.26, 734.66, 196.89, 726.46, 192.2, 726.46, 178.14, 725.29, 173.45, 725.29, 155.88, 725.29, 130.1, 708.89, 124.25, 680.77, 124.25, 669.05, 109.01, 678.42, 98.47, 681.94, 77.38, 704.2, 59.81, 715.92, 57.46, 735.83, 52.78, 754.58, 53.95, 761.61, 59.81, 781.53, 66.84, 788.56, 72.69, 807.3, 72.69, 826.05, 78.55, 829.56, 87.92, 831.91, 32.86, 845.97, 57.46, 848.31, 73.87, 867.06, 71.52, 868.23, 71.52, 872.91, 58.63, 879.94, 52.78, 889.32, 60.98, 895.17, 30.52, 912.75, 71.52, 909.23, 96.13, 919.78, 62.15, 936.18, 57.46, 950.24, 53.95, 953.76, 71.52, 973.67, 75.04, 983.05, 83.24, 983.05, 96.13, 977.19, 111.36, 995.93, 120.73, 1024.0, 128.01, 1024.0, 147.49, 1021.71, 159.39, 1024.0, 399.86, 1024.0, 405.41, 991.25, 391.38, 974.84, 383.17, 974.84, 396.06, 977.19, 411.29, 988.9, 427.7, 972.5, 446.44, 985.39, 455.82, 1005.31, 465.19, 1024.0, 474.04, 1024.0, 510.52, 1022.88, 521.43, 1018.19, 638.59, 997.11, 632.73, 993.59, 642.1, 977.19, 651.48, 976.02, 626.87, 925.64, 613.98, 922.12, 599.92, 910.41, 590.55, 896.35, 589.38, 896.35, 613.98, 901.03, 626.87, 904.55, 643.28, 904.55, 663.19, 897.52, 683.11, 908.06, 691.31, 918.61, 706.54, 925.64, 733.49, 913.92, 734.66, 918.61, 752.24, 884.63, 752.24, 903.38, 762.78, 903.38, 774.5, 875.26, 774.5, 882.29, 787.38, 869.4, 786.21, 872.91, 795.59, 858.85, 794.41, 861.2, 807.3, 853.0, 804.96, 851.82, 823.71, 854.17, 824.88, 844.79, 844.79, 829.56, 838.94, 828.39, 864.71, 828.39, 886.97, 807.3, 905.72, 789.73, 906.89, 775.67, 895.17, 766.3, 881.11, 749.89, 881.11, 748.72, 858.85, 722.95, 886.97, 722.95, 867.06, 711.23, 895.17, 731.15, 929.15, 739.35, 935.01, 741.69, 968.99, 735.83, 980.7, 717.09, 1007.65, 674.91, 1007.65, 639.76, 1012.34, 631.56, 981.87, 611.64, 970.16, 591.72, 945.55, 564.78, 931.49, 560.09, 910.41, 550.72, 889.32, 571.81, 876.43, 553.06, 858.85, 551.89, 843.62, 530.8, 843.62, 515.57, 842.45, 485.11, 831.91, 474.56, 813.16, 459.33, 787.38, 468.7, 768.64, 466.36, 746.38, 461.67, 726.46, 448.79, 732.32, 431.21, 718.26, 432.38, 729.98, 432.38, 770.98, 417.15, 758.09, 393.72, 766.3, 393.72, 739.35, 393.72, 726.46, 369.11, 775.67, 357.4, 773.33, 386.69, 701.86, 360.91, 705.37, 350.37, 713.57, 362.09, 683.11, 342.17, 683.11, 317.56, 687.8, 303.5, 685.45, 321.08, 676.08, 332.79, 657.33, 309.36, 657.33, 288.27, 650.3, 289.44, 640.93, 324.59, 637.42, 326.94, 624.53, 299.99, 622.19, 264.84, 611.64, 266.01, 597.58, 241.41, 597.58, 246.09, 585.87, 232.03, 585.87, 208.6, 577.66, 239.06, 568.29, 246.09, 549.55, 203.92, 540.17, 196.89, 529.63, 196.89, 522.6, 174.63, 520.25, 140.65, 490.96, 114.87, 480.42, 116.04, 472.22, 131.28, 471.05, 138.3, 468.7]], "area": 494648.0, "bbox": [114.87, 30.52, 909.13, 981.82], "iscrowd": 0, "attributes": {"occluded": false}}, {"id": 16, "image_id": 15, "category_id": 1, "segmentation": [[137.13, 304.68, 159.39, 273.04, 165.25, 396.06, 162.91, 232.03, 131.28, 92.61, 141.82, 91.44, 174.63, 223.83, 200.4, 222.66, 198.06, 268.36, 249.61, 137.13, 273.04, 127.76, 249.61, 176.97, 226.18, 228.52, 220.32, 270.7, 241.41, 260.15, 256.64, 240.24, 262.5, 209.77, 278.9, 179.31, 304.68, 155.88, 322.25, 147.68, 323.42, 113.7, 312.88, 72.69, 311.71, 2.4, 850.65, 2.4, 848.31, 32.86, 823.71, 65.66, 819.02, 96.13, 853.0, 96.13, 792.07, 140.65, 769.81, 167.6, 824.88, 169.94, 851.82, 182.83, 883.46, 124.25, 884.63, 164.08, 884.63, 164.08, 854.17, 186.34, 881.11, 186.34, 834.25, 214.46, 796.76, 228.52, 918.61, 216.8, 911.58, 232.03, 803.79, 249.61, 780.36, 264.84, 797.93, 270.7, 844.79, 270.7, 877.6, 254.3, 878.77, 273.04, 920.95, 264.84, 910.41, 276.56, 935.01, 287.1, 958.44, 284.76, 926.81, 312.88, 1004.14, 290.62, 1007.65, 312.88, 942.04, 319.91, 940.87, 343.34, 939.7, 356.23, 1007.65, 345.68, 1007.65, 352.71, 950.24, 363.26, 936.18, 379.66, 933.84, 386.69, 1006.48, 386.69, 1006.48, 410.12, 925.64, 410.12, 909.23, 410.12, 868.23, 440.58, 865.88, 446.44, 879.94, 456.99, 940.87, 464.02, 1015.85, 500.34, 1008.82, 514.4, 891.66, 481.59, 870.57, 489.79, 892.83, 502.68, 856.51, 503.85, 899.86, 512.05, 899.86, 533.14, 890.49, 543.69, 855.34, 542.52, 827.22, 541.34, 816.68, 556.57, 808.47, 592.9, 806.13, 605.78, 851.82, 605.78, 885.8, 592.9, 891.66, 601.1, 882.29, 636.25, 918.61, 653.82, 952.58, 610.47, 952.58, 649.13, 929.15, 683.11, 927.98, 696.0, 950.24, 712.4, 950.24, 732.32, 870.57, 684.28, 823.71, 672.57, 789.73, 685.45, 746.38, 699.51, 718.26, 728.8, 891.66, 768.64, 892.83, 786.21, 809.65, 768.64, 679.6, 763.95, 727.63, 795.59, 782.7, 804.96, 898.69, 834.25, 889.32, 838.94, 836.59, 838.94, 698.34, 836.59, 714.74, 862.37, 766.3, 902.2, 780.36, 915.09, 845.97, 857.68, 816.68, 919.78, 829.56, 935.01, 817.85, 942.04, 796.76, 950.24, 786.21, 983.05, 807.3, 984.22, 806.13, 994.76, 778.01, 1007.65, 762.78, 1019.37, 739.35, 1019.37, 746.38, 991.25, 727.63, 971.33, 704.2, 979.53, 672.57, 986.56, 654.99, 983.05, 610.47, 950.24, 570.63, 936.18, 596.41, 971.33, 621.01, 1007.65, 613.98, 1013.51, 598.75, 1006.48, 568.29, 964.3, 543.69, 935.01, 530.8, 937.35, 571.81, 1004.14, 572.98, 1015.85, 531.97, 985.39, 520.25, 956.1, 506.19, 956.1, 472.22, 957.27, 482.76, 984.22, 506.19, 1006.48, 454.64, 1006.48, 423.01, 933.84, 423.01, 906.89, 432.38, 853.0, 401.92, 828.39, 365.6, 807.3, 322.25, 796.76, 297.65, 787.38, 321.08, 819.02, 301.16, 816.68, 287.1, 783.87, 266.01, 754.58, 243.75, 717.09, 236.72, 698.34, 200.4, 677.25, 193.37, 714.74, 188.68, 747.55, 168.77, 775.67, 164.08, 800.27, 173.45, 826.05, 166.42, 851.82, 127.76, 896.35, 105.5, 899.86, 45.75, 892.83, 11.77, 882.29, 3.57, 849.48, 1.22, 780.36, 3.57, 724.12, 4.74, 667.88, 5.91, 629.22, 4.74, 581.18, 4.74, 555.4, 3.57, 517.91, 4.74, 489.79, 30.52, 496.82, 37.55, 496.82, 37.55, 535.49, 63.32, 531.97, 85.58, 553.06, 104.33, 558.92, 111.36, 537.83, 104.33, 526.11, 100.81, 507.37, 70.35, 490.96, 50.43, 475.73, 68.01, 473.39, 80.9, 478.08, 53.95, 455.82, 23.49, 439.41, 14.11, 418.32, 12.94, 407.78, 12.94, 376.14, 41.06, 423.01, 35.2, 391.38, 73.87, 417.15, 79.72, 437.07, 71.52, 369.11, 52.78, 263.67, 52.78, 220.32, 58.63, 194.54, 66.84, 260.15, 77.38, 307.02, 87.92, 351.54, 97.3, 411.29, 97.3, 438.24, 107.84, 386.69, 110.19, 355.06, 120.73, 325.76]], "area": 670059.0, "bbox": [1.22, 2.4, 1014.63, 1016.97], "iscrowd": 0, "attributes": {"occluded": false}}, {"id": 17, "image_id": 16, "category_id": 1, "segmentation": [[277.73, 860.03, 329.28, 856.51, 287.1, 844.79, 290.62, 831.91, 273.04, 819.02, 251.95, 789.73, 188.68, 770.98, 164.08, 775.67, 138.3, 781.53, 104.33, 810.82, 82.07, 808.47, 82.07, 795.59, 116.04, 774.5, 72.69, 738.18, 72.69, 718.26, 48.09, 717.09, 46.92, 705.37, 50.43, 688.97, 44.57, 680.77, 49.26, 658.51, 38.72, 649.13, 23.49, 631.56, 30.52, 619.84, 49.26, 612.81, 36.37, 602.27, 42.23, 583.52, 48.09, 556.57, 59.81, 539.0, 65.66, 517.91, 78.55, 509.71, 94.95, 499.17, 90.27, 471.05, 80.9, 452.3, 68.01, 448.79, 80.9, 435.9, 92.61, 420.67, 105.5, 434.73, 114.87, 418.32, 120.73, 397.23, 134.79, 397.23, 147.68, 405.44, 133.62, 355.06, 148.85, 353.88, 153.54, 370.29, 175.8, 371.46, 162.91, 350.37, 174.63, 350.37, 189.86, 377.32, 200.4, 391.38, 193.37, 355.06, 181.65, 337.48, 192.2, 341.0, 199.23, 329.28, 210.95, 352.71, 226.18, 337.48, 228.52, 344.51, 229.69, 332.79, 228.52, 318.74, 229.69, 297.65, 240.24, 312.88, 250.78, 308.19, 277.73, 302.33, 288.27, 304.68, 307.02, 302.33, 281.24, 275.38, 290.62, 271.87, 295.3, 258.98, 292.96, 242.58, 296.47, 230.86, 317.56, 229.69, 325.76, 220.32, 342.17, 222.66, 339.82, 206.26, 348.03, 198.06, 356.23, 187.51, 366.77, 187.51, 364.43, 175.8, 358.57, 153.54, 377.32, 166.42, 379.66, 159.39, 378.49, 176.97, 385.52, 176.97, 394.89, 174.63, 400.75, 160.57, 418.32, 153.54, 419.49, 141.82, 427.7, 125.42, 431.21, 113.7, 437.07, 103.16, 441.76, 89.1, 461.67, 78.55, 473.39, 78.55, 488.62, 68.01, 503.85, 68.01, 512.05, 55.12, 516.74, 78.55, 529.63, 80.9, 530.8, 91.44, 562.43, 84.41, 553.06, 100.81, 546.03, 124.25, 542.52, 175.8, 541.34, 184.0, 553.06, 186.34, 571.81, 179.31, 570.63, 202.74, 585.87, 193.37, 581.18, 213.29, 595.24, 217.98, 594.07, 227.35, 574.15, 226.18, 554.23, 267.18, 565.95, 308.19, 576.49, 308.19, 577.66, 324.59, 577.66, 343.34, 588.21, 414.81, 604.61, 353.88, 613.98, 326.94, 633.9, 282.41, 642.1, 271.87, 643.28, 284.76, 650.3, 290.62, 653.82, 314.05, 673.74, 307.02, 666.71, 289.44, 679.6, 289.44, 687.8, 291.79, 686.63, 312.88, 678.42, 329.28, 693.65, 318.74, 696.0, 296.47, 701.86, 288.27, 701.86, 268.36, 698.34, 242.58, 694.83, 195.71, 691.31, 162.91, 706.54, 162.91, 724.12, 243.75, 714.74, 151.19, 737.01, 215.63, 739.35, 154.71, 755.75, 162.91, 762.78, 179.31, 756.92, 205.09, 758.09, 229.69, 763.95, 256.64, 766.3, 237.89, 778.01, 239.06, 778.01, 269.53, 780.36, 290.62, 780.36, 348.03, 815.5, 268.36, 821.36, 270.7, 782.7, 382.0, 762.78, 461.67, 762.78, 473.39, 780.36, 432.38, 790.9, 441.76, 792.07, 456.99, 782.7, 464.02, 770.98, 480.42, 814.33, 465.19, 851.82, 362.09, 863.54, 362.09, 864.71, 383.17, 855.34, 420.67, 882.29, 386.69, 917.44, 349.2, 922.12, 370.29, 913.92, 383.17, 909.23, 403.09, 936.18, 397.23, 942.04, 408.95, 945.55, 423.01, 936.18, 441.76, 956.1, 434.73, 952.58, 447.61, 944.38, 456.99, 944.38, 474.56, 958.44, 472.22, 973.67, 481.59, 953.76, 490.96, 933.84, 510.88, 956.1, 514.4, 949.07, 530.8, 940.87, 542.52, 951.41, 544.86, 956.1, 555.4, 952.58, 572.98, 984.22, 569.46, 957.27, 594.07, 943.21, 619.84, 953.76, 630.39, 970.16, 623.36, 970.16, 642.1, 911.58, 662.02, 949.07, 666.71, 957.27, 681.94, 937.35, 683.11, 896.35, 679.6, 883.46, 698.34, 882.29, 734.66, 895.17, 755.75, 909.23, 761.61, 902.2, 769.81, 905.72, 783.87, 927.98, 781.53, 923.29, 799.1, 909.23, 800.27, 899.86, 816.68, 896.35, 843.62, 886.97, 875.26, 869.4, 892.83, 838.94, 908.06, 821.36, 908.06, 788.56, 919.78, 773.33, 911.58, 748.72, 904.55, 728.8, 895.17, 726.46, 879.94, 707.71, 865.88, 699.51, 902.2, 672.57, 882.29, 651.48, 883.46, 637.42, 891.66, 664.36, 952.58, 659.68, 967.82, 698.34, 945.55, 699.51, 956.1, 671.39, 974.84, 696.0, 995.93, 670.22, 997.11, 646.79, 977.19, 617.5, 964.3, 598.75, 939.7, 590.55, 902.2, 582.35, 871.74, 562.43, 878.77, 542.52, 872.91, 548.37, 855.34, 548.37, 827.22, 556.57, 816.68, 541.34, 814.33, 531.97, 849.48, 524.94, 881.11, 500.34, 895.17, 479.25, 897.52, 460.5, 874.09, 446.44, 888.14, 433.55, 894.0, 414.81, 908.06, 383.17, 924.46, 362.09, 913.92, 356.23, 895.17, 353.88, 889.32, 371.46, 888.14, 408.95, 892.83, 391.38, 871.74, 379.66, 869.4, 357.4, 857.68, 344.51, 869.4, 312.88, 888.14, 269.53, 884.63, 263.67, 867.06]], "area": 512908.0, "bbox": [23.49, 55.12, 960.73, 941.99], "iscrowd": 0, "attributes": {"occluded": false}}, {"id": 18, "image_id": 17, "category_id": 1, "segmentation": [[258.98, 370.29, 319.91, 360.91, 366.77, 363.26, 417.15, 363.26, 438.24, 350.37, 448.79, 310.53, 441.76, 281.24, 394.89, 262.5, 438.24, 260.15, 440.58, 228.52, 453.47, 233.21, 460.5, 203.92, 486.28, 243.75, 488.62, 222.66, 501.51, 250.78, 524.94, 256.64, 526.11, 217.98, 536.66, 174.63, 549.55, 178.14, 543.69, 264.84, 543.69, 319.91, 570.63, 301.16, 584.69, 288.27, 615.16, 235.55, 617.5, 195.71, 609.3, 166.42, 594.07, 140.65, 587.04, 114.87, 598.75, 87.92, 621.01, 58.63, 629.22, 22.31, 658.51, 11.77, 665.54, 56.29, 670.22, 41.06, 692.48, 43.4, 692.48, 101.98, 703.03, 2.4, 715.92, 83.24, 741.69, 44.57, 734.66, 89.1, 746.38, 106.67, 759.27, 65.66, 776.84, 37.55, 782.7, 52.78, 775.67, 113.7, 823.71, 97.3, 826.05, 118.39, 785.04, 132.45, 834.25, 138.3, 869.4, 152.36, 830.74, 172.28, 820.19, 195.71, 847.14, 207.43, 879.94, 217.98, 865.88, 235.55, 868.23, 271.87, 842.45, 283.59, 809.65, 292.96, 809.65, 314.05, 836.59, 317.56, 869.4, 323.42, 902.2, 350.37, 923.29, 371.46, 930.32, 380.83, 892.83, 389.03, 912.75, 417.15, 871.74, 423.01, 932.67, 442.93, 922.12, 455.82, 869.4, 455.82, 871.74, 485.11, 901.03, 489.79, 903.38, 509.71, 935.01, 515.57, 918.61, 529.63, 902.2, 529.63, 919.78, 560.09, 916.26, 567.12, 898.69, 548.37, 885.8, 536.66, 864.71, 541.34, 895.17, 574.15, 898.69, 594.07, 863.54, 576.49, 854.17, 567.12, 862.37, 595.24, 882.29, 628.04, 882.29, 645.62, 861.2, 637.42, 855.34, 611.64, 843.62, 617.5, 840.11, 630.39, 874.09, 653.82, 856.51, 663.19, 838.94, 669.05, 844.79, 681.94, 829.56, 680.77, 821.36, 665.54, 810.82, 665.54, 814.33, 692.48, 827.22, 707.71, 830.74, 733.49, 809.65, 738.18, 797.93, 744.03, 787.38, 761.61, 789.73, 782.7, 803.79, 802.62, 779.18, 804.96, 774.5, 795.59, 761.61, 800.27, 758.09, 813.16, 751.06, 829.56, 751.06, 845.97, 740.52, 858.85, 722.95, 847.14, 710.06, 854.17, 698.34, 865.88, 696.0, 882.29, 681.94, 886.97, 683.11, 903.38, 662.02, 905.72, 653.82, 924.46, 639.76, 933.84, 619.84, 933.84, 618.67, 917.44, 602.27, 920.95, 601.1, 906.89, 589.38, 891.66, 589.38, 876.43, 570.63, 837.76, 567.12, 854.17, 565.95, 877.6, 565.95, 892.83, 548.37, 897.52, 534.31, 903.38, 523.77, 916.26, 501.51, 927.98, 493.31, 951.41, 481.59, 974.84, 462.84, 1001.79, 446.44, 985.39, 430.04, 972.5, 451.13, 946.73, 467.53, 889.32, 458.16, 883.46, 445.27, 888.14, 431.21, 902.2, 420.67, 923.29, 396.06, 1021.71, 384.35, 1021.71, 401.92, 927.98, 367.94, 930.32, 376.14, 897.52, 371.46, 876.43, 366.77, 854.17, 367.94, 837.76, 353.88, 841.28, 336.31, 854.17, 322.25, 853.0, 326.94, 829.56, 309.36, 838.94, 281.24, 857.68, 258.98, 853.0, 276.56, 833.08, 257.81, 814.33, 236.72, 817.85, 244.92, 795.59, 266.01, 779.18, 246.09, 766.3, 249.61, 746.38, 233.21, 737.01, 235.55, 721.77, 242.58, 697.17, 264.84, 670.22, 269.53, 637.42, 257.81, 629.22, 247.27, 660.85, 229.69, 688.97, 202.74, 727.63, 175.8, 761.61, 164.08, 766.3, 159.39, 754.58, 201.57, 693.65, 144.16, 745.21, 125.42, 744.03, 106.67, 735.83, 160.57, 708.89, 175.8, 688.97, 169.94, 671.39, 116.04, 693.65, 89.1, 688.97, 101.98, 670.22, 109.01, 654.99, 168.77, 642.1, 90.27, 649.13, 90.27, 635.07, 165.25, 622.19, 144.16, 606.95, 110.19, 599.92, 85.58, 591.72, 97.3, 576.49, 110.19, 576.49, 83.24, 563.6, 126.59, 557.75, 87.92, 554.23, 124.25, 533.14, 138.3, 527.28, 126.59, 519.08, 87.92, 528.46, 80.9, 517.91, 99.64, 510.88, 127.76, 502.68, 127.76, 481.59, 159.39, 473.39, 166.42, 464.02, 135.96, 453.47, 114.87, 448.79, 92.61, 447.61, 72.69, 452.3, 83.24, 426.52, 103.16, 417.15, 111.36, 393.72, 131.28, 387.86, 139.48, 387.86, 154.71, 369.11, 167.6, 356.23, 154.71, 342.17, 174.63, 338.65, 171.11, 312.88, 187.51, 316.39, 203.92, 355.06, 235.55, 360.91]], "area": 457145.0, "bbox": [72.69, 2.4, 862.32, 1019.31], "iscrowd": 0, "attributes": {"occluded": false}}, {"id": 19, "image_id": 18, "category_id": 1, "segmentation": [[234.38, 632.73, 141.82, 658.51, 145.33, 694.83, 128.93, 715.92, 155.88, 728.8, 153.54, 770.98, 173.45, 780.36, 192.2, 835.42, 199.23, 886.97, 234.38, 923.29, 316.39, 936.18, 336.31, 953.76, 433.55, 970.16, 528.46, 971.33, 623.36, 994.76, 273.04, 591.72, 182.83, 574.15, 184.0, 560.09, 303.5, 576.49, 322.25, 551.89, 230.86, 543.69, 233.21, 539.0, 289.44, 539.0, 249.61, 502.68, 299.99, 500.34, 349.2, 475.73, 284.76, 401.92, 315.22, 421.84, 309.36, 371.46, 325.76, 428.87, 351.54, 428.87, 389.03, 428.87, 379.66, 373.8, 326.94, 356.23, 353.88, 349.2, 407.78, 362.09, 389.03, 326.94, 351.54, 315.22, 384.35, 292.96, 365.6, 263.67, 358.57, 234.38, 332.79, 222.66, 307.02, 181.65, 314.05, 148.85, 335.14, 125.42, 312.88, 68.01, 339.82, 90.27, 343.34, 52.78, 370.29, 75.04, 344.51, 24.66, 385.52, 65.66, 399.58, 41.06, 417.15, 1.22, 415.98, 59.81, 431.21, 57.46, 430.04, 4.74, 441.76, 5.91, 448.79, 65.66, 462.84, 59.81, 460.5, 28.17, 487.45, 50.43, 472.22, 3.57, 483.93, 5.91, 494.48, 31.69, 497.99, 7.08, 510.88, 5.91, 515.57, 32.86, 551.89, 1.22, 536.66, 35.2, 571.81, 4.74, 578.84, 8.25, 562.43, 37.55, 583.52, 30.52, 562.43, 71.52, 597.58, 69.18, 603.44, 83.24, 609.3, 65.66, 599.92, 144.16, 663.19, 53.95, 608.13, 161.74, 679.6, 89.1, 681.94, 94.95, 633.9, 159.39, 664.36, 160.57, 680.77, 140.65, 699.51, 107.84, 693.65, 182.83, 707.71, 180.48, 751.06, 106.67, 759.27, 124.25, 734.66, 154.71, 775.67, 123.07, 751.06, 158.22, 748.72, 180.48, 711.23, 216.8, 722.95, 217.98, 697.17, 250.78, 717.09, 255.47, 746.38, 243.75, 770.98, 202.74, 789.73, 174.63, 807.3, 100.81, 815.5, 144.16, 802.62, 187.51, 787.38, 223.83, 804.96, 223.83, 828.39, 203.92, 822.53, 221.49, 857.68, 215.63, 860.03, 229.69, 827.22, 235.55, 821.36, 250.78, 807.3, 270.7, 796.76, 297.65, 795.59, 308.19, 877.6, 257.81, 882.29, 275.38, 831.91, 299.99, 833.08, 323.42, 834.25, 350.37, 838.94, 370.29, 898.69, 332.79, 920.95, 315.22, 890.49, 387.86, 952.58, 387.86, 952.58, 404.26, 886.97, 404.26, 876.43, 421.84, 915.09, 449.96, 931.49, 465.19, 876.43, 454.64, 884.63, 464.02, 939.7, 483.93, 958.44, 510.88, 953.76, 524.94, 884.63, 488.62, 882.29, 496.82, 908.06, 497.99, 915.09, 512.05, 889.32, 516.74, 901.03, 534.31, 917.44, 562.43, 935.01, 599.92, 894.0, 574.15, 864.71, 513.22, 836.59, 513.22, 817.85, 519.08, 810.82, 539.0, 793.24, 547.2, 808.47, 563.6, 821.36, 576.49, 785.04, 576.49, 770.98, 589.38, 782.7, 606.95, 785.04, 616.33, 820.19, 624.53, 824.88, 638.59, 769.81, 638.59, 783.87, 660.85, 797.93, 677.25, 807.3, 688.97, 830.74, 706.54, 835.42, 717.09, 813.16, 715.92, 782.7, 715.92, 789.73, 733.49, 799.1, 748.72, 844.79, 785.04, 848.31, 797.93, 785.04, 761.61, 763.95, 744.03, 765.12, 759.27, 788.56, 795.59, 822.53, 830.74, 822.53, 851.82, 781.53, 809.65, 774.5, 810.82, 799.1, 854.17, 787.38, 853.0, 767.47, 829.56, 753.41, 834.25, 739.35, 809.65, 719.43, 801.44, 721.77, 815.5, 745.21, 849.48, 762.78, 874.09, 760.44, 891.66, 724.12, 862.37, 715.92, 834.25, 706.54, 816.68, 704.2, 842.45, 706.54, 886.97, 700.68, 890.49, 691.31, 857.68, 688.97, 886.97, 688.97, 905.72, 699.51, 926.81, 704.2, 959.61, 705.37, 976.02, 687.8, 965.47, 669.05, 905.72, 657.33, 908.06, 657.33, 944.38, 656.16, 967.82, 645.62, 985.39, 624.53, 995.93, 613.98, 973.67, 400.75, 746.38, 356.23, 701.86, 343.34, 645.62, 337.48, 603.44, 288.27, 608.13, 254.3, 601.1]], "area": 469878.0, "bbox": [128.93, 1.22, 829.51, 994.71], "iscrowd": 0, "attributes": {"occluded": false}}, {"id": 20, "image_id": 19, "category_id": 1, "segmentation": [[992.42, 303.5, 952.58, 302.33, 919.78, 342.17, 957.27, 342.17, 910.41, 370.29, 896.35, 391.38, 963.13, 410.12, 875.26, 437.07, 943.21, 438.24, 890.49, 454.64, 890.49, 492.14, 953.76, 495.65, 953.76, 522.6, 892.83, 521.43, 920.95, 575.32, 919.78, 638.59, 912.75, 660.85, 875.26, 669.05, 877.6, 705.37, 909.23, 746.38, 931.49, 781.53, 930.32, 838.94, 888.14, 911.58, 861.2, 906.89, 844.79, 778.01, 826.05, 779.18, 828.39, 800.27, 799.1, 783.87, 776.84, 797.93, 768.64, 829.56, 746.38, 838.94, 726.46, 851.82, 697.17, 853.0, 705.37, 986.56, 691.31, 992.42, 679.6, 973.67, 662.02, 944.38, 653.82, 1018.19, 611.64, 1018.19, 630.39, 964.3, 617.5, 936.18, 587.04, 946.73, 565.95, 926.81, 547.2, 933.84, 513.22, 945.55, 494.48, 925.64, 494.48, 896.35, 520.25, 871.74, 514.4, 855.34, 495.65, 848.31, 473.39, 848.31, 482.76, 788.56, 473.39, 769.81, 464.02, 747.55, 437.07, 744.03, 417.15, 783.87, 413.64, 819.02, 412.46, 855.34, 430.04, 905.72, 435.9, 931.49, 435.9, 953.76, 419.49, 980.7, 397.23, 978.36, 392.55, 943.21, 366.77, 924.46, 372.63, 963.13, 351.54, 973.67, 342.17, 978.36, 342.17, 1000.62, 324.59, 1009.99, 298.82, 1018.19, 311.71, 981.87, 270.7, 1018.19, 251.95, 1017.02, 297.65, 959.61, 241.41, 1013.51, 203.92, 1017.02, 213.29, 971.33, 189.86, 991.25, 205.09, 940.87, 191.03, 919.78, 171.11, 904.55, 144.16, 901.03, 121.9, 886.97, 105.5, 879.94, 80.9, 878.77, 53.95, 872.91, 72.69, 841.28, 53.95, 836.59, 35.2, 817.85, 65.66, 758.09, 79.72, 725.29, 72.69, 687.8, 41.06, 694.83, 21.14, 679.6, 8.25, 688.97, 5.91, 653.82, 36.37, 638.59, 24.66, 622.19, 15.28, 605.78, 55.12, 575.32, 2.4, 581.18, 9.43, 568.29, 116.04, 535.49, 52.78, 534.31, 15.28, 534.31, 19.97, 515.57, 86.75, 515.57, 111.36, 493.31, 34.03, 512.05, 35.2, 503.85, 114.87, 461.67, 93.78, 456.99, 153.54, 431.21, 139.48, 418.32, 179.31, 397.23, 128.93, 396.06, 207.43, 379.66, 233.21, 365.6, 260.15, 336.31, 193.37, 351.54, 184.0, 329.28, 250.78, 328.11, 275.38, 314.05, 261.33, 303.5, 193.37, 308.19, 144.16, 308.19, 133.62, 297.65, 215.63, 276.56, 179.31, 268.36, 127.76, 263.67, 109.01, 261.33, 107.84, 247.27, 162.91, 246.09, 187.51, 242.58, 166.42, 228.52, 153.54, 215.63, 187.51, 209.77, 169.94, 191.03, 196.89, 194.54, 216.8, 180.48, 222.66, 145.33, 233.21, 147.68, 237.89, 118.39, 255.47, 86.75, 237.89, 9.43, 277.73, 85.58, 288.27, 38.72, 311.71, 10.6, 377.32, 9.43, 430.04, 4.74, 462.84, 5.91, 512.05, 8.25, 531.97, 71.52, 542.52, 104.33, 558.92, 9.43, 608.13, 4.74, 599.92, 59.81, 636.25, 70.35, 662.02, 90.27, 630.39, 5.91, 669.05, 4.74, 692.48, 59.81, 692.48, 8.25, 773.33, 7.08, 769.81, 58.63, 827.22, 34.03, 830.74, 55.12, 781.53, 65.66, 844.79, 77.38, 860.03, 104.33, 863.54, 128.93, 895.17, 128.93, 922.12, 152.36, 960.79, 199.23, 992.42, 261.33]], "area": 700970.0, "bbox": [2.4, 4.74, 990.02, 1013.45], "iscrowd": 0, "attributes": {"occluded": false}}, {"id": 21, "image_id": 20, "category_id": 1, "segmentation": [[116.04, 662.02, 116.04, 622.19, 114.87, 582.35, 104.33, 555.4, 131.28, 537.83, 103.16, 514.4, 100.81, 488.62, 101.98, 458.16, 118.39, 478.08, 120.73, 458.16, 104.33, 441.76, 106.67, 414.81, 125.42, 397.23, 140.65, 386.69, 125.42, 359.74, 147.68, 360.91, 147.68, 342.17, 161.74, 316.39, 167.6, 303.5, 178.14, 276.56, 176.97, 251.95, 199.23, 251.95, 215.63, 227.35, 216.8, 208.6, 220.32, 208.6, 236.72, 194.54, 256.64, 181.65, 273.04, 174.63, 273.04, 165.25, 292.96, 130.1, 310.53, 146.51, 312.88, 117.22, 330.45, 116.04, 349.2, 118.39, 365.6, 119.56, 377.32, 85.58, 412.46, 73.87, 438.24, 60.98, 394.89, 19.97, 377.32, 5.91, 1024.0, 3.57, 1024.0, 3.78, 1013.51, 45.75, 1002.96, 59.81, 1012.34, 90.27, 1011.17, 116.04, 951.41, 138.3, 916.26, 148.85, 881.11, 193.37, 864.71, 205.09, 861.2, 242.58, 836.59, 281.24, 811.99, 323.42, 821.36, 339.82, 849.48, 339.82, 858.85, 349.2, 848.31, 380.83, 848.31, 405.44, 879.94, 415.98, 879.94, 440.58, 881.11, 462.84, 891.66, 469.87, 892.83, 493.31, 897.52, 517.91, 920.95, 520.25, 919.78, 543.69, 886.97, 544.86, 886.97, 568.29, 898.69, 594.07, 930.32, 604.61, 956.1, 604.61, 957.27, 631.56, 972.5, 647.96, 992.42, 654.99, 1009.99, 672.57, 1017.02, 1021.71, 446.44, 1019.37, 434.73, 937.35, 466.36, 837.76, 478.08, 800.27, 456.99, 774.5, 421.84, 768.64, 410.12, 796.76, 358.57, 807.3, 317.56, 823.71, 278.9, 830.74, 283.59, 761.61, 262.5, 773.33, 217.98, 766.3, 179.31, 745.21, 144.16, 727.63, 123.07, 698.34]], "area": 705378.0, "bbox": [100.81, 3.57, 923.19, 1018.14], "iscrowd": 0, "attributes": {"occluded": false}}, {"id": 22, "image_id": 21, "category_id": 1, "segmentation": [[107.84, 4.74, 322.25, 118.39, 369.11, 94.95, 391.38, 38.72, 405.44, 110.19, 427.7, 87.92, 483.93, 93.78, 578.84, 112.53, 616.33, 79.72, 645.62, 27.0, 645.62, 73.87, 691.31, 113.7, 756.92, 98.47, 878.77, 94.95, 903.38, 144.16, 931.49, 192.2, 876.43, 216.8, 909.23, 247.27, 862.37, 291.79, 981.87, 276.56, 1009.99, 345.68, 1009.99, 471.05, 874.09, 555.4, 827.22, 580.01, 792.07, 598.75, 754.58, 616.33, 729.98, 676.08, 699.51, 703.03, 646.79, 726.46, 618.67, 726.46, 621.01, 768.64, 580.01, 761.61, 588.21, 774.5, 530.8, 749.89, 509.71, 738.18, 508.54, 796.76, 514.4, 830.74, 478.08, 772.15, 472.22, 811.99, 452.3, 820.19, 455.82, 761.61, 437.07, 766.3, 418.32, 802.62, 408.95, 758.09, 392.55, 770.98, 377.32, 775.67, 369.11, 742.86, 348.03, 897.52, 338.65, 896.35, 335.14, 762.78, 329.28, 765.12, 309.36, 874.09, 285.93, 869.4, 309.36, 731.15, 253.12, 870.57, 230.86, 865.88, 208.6, 842.45, 189.86, 829.56, 154.71, 823.71, 128.93, 813.16, 100.81, 808.47, 94.95, 783.87, 92.61, 755.75, 76.21, 731.15, 124.25, 663.19, 96.13, 667.88, 82.07, 647.96, 148.85, 584.69, 180.48, 580.01, 151.19, 570.63, 141.82, 549.55, 144.16, 509.71, 130.1, 503.85, 109.01, 501.51, 73.87, 528.46, 57.46, 507.37, 96.13, 475.73, 94.95, 455.82, 123.07, 417.15, 48.09, 464.02, 50.43, 449.96, 154.71, 379.66, 119.56, 367.94, 96.13, 365.6, 63.32, 362.09, 21.14, 378.49, 7.08, 385.52, 1.22, 4.74]], "area": 582827.0, "bbox": [1.22, 4.74, 1008.77, 892.78], "iscrowd": 0, "attributes": {"occluded": false}}, {"id": 23, "image_id": 22, "category_id": 1, "segmentation": [[14.11, 105.5, 101.98, 189.86, 166.42, 198.06, 139.48, 141.82, 171.11, 141.82, 171.11, 101.98, 236.72, 146.51, 295.3, 176.97, 289.44, 144.16, 287.1, 103.16, 341.0, 109.01, 321.08, 63.32, 351.54, 63.32, 432.38, 83.24, 464.02, 53.95, 539.0, 98.47, 608.13, 158.22, 611.64, 99.64, 598.75, 8.25, 855.34, 15.28, 899.86, 55.12, 909.23, 8.25, 909.23, 43.4, 940.87, 45.75, 958.44, 75.04, 979.53, 96.13, 979.53, 133.62, 995.93, 167.6, 1024.0, 149.63, 1024.0, 152.71, 1009.99, 196.89, 1019.37, 656.16, 997.11, 704.2, 953.76, 774.5, 936.18, 753.41, 902.2, 746.38, 868.23, 827.22, 870.57, 734.66, 844.79, 727.63, 801.44, 776.84, 782.7, 810.82, 769.81, 865.88, 729.98, 850.65, 742.86, 790.9, 711.23, 810.82, 696.0, 876.43, 671.39, 874.09, 653.82, 860.03, 630.39, 869.4, 630.39, 849.48, 622.19, 841.28, 558.92, 965.47, 522.6, 968.99, 539.0, 937.35, 531.97, 919.78, 519.08, 908.06, 519.08, 883.46, 521.43, 864.71, 553.06, 826.05, 533.14, 814.33, 536.66, 793.24, 515.57, 769.81, 483.93, 765.12, 454.64, 779.18, 431.21, 820.19, 410.12, 861.2, 411.29, 899.86, 366.77, 922.12, 310.53, 916.26, 258.98, 940.87, 181.65, 954.93, 148.85, 979.53, 146.51, 944.38, 113.7, 963.13, 93.78, 950.24, 69.18, 936.18, 85.58, 906.89, 107.84, 878.77, 124.25, 857.68, 116.04, 836.59, 93.78, 810.82, 98.47, 790.9, 85.58, 768.64, 113.7, 754.58, 119.56, 726.46, 51.6, 739.35, 56.29, 718.26, 120.73, 704.2, 137.13, 678.42, 137.13, 643.28, 127.76, 615.16, 100.81, 601.1, 93.78, 580.01, 135.96, 569.46, 150.02, 539.0, 127.76, 526.11, 105.5, 493.31, 90.27, 473.39, 32.86, 492.14, 9.43, 482.76, 2.4, 256.64]], "area": 736026.0, "bbox": [2.4, 8.25, 1021.6, 971.28], "iscrowd": 0, "attributes": {"occluded": false}}, {"id": 24, "image_id": 23, "category_id": 1, "segmentation": [[172.28, 505.02, 117.22, 441.76, 178.14, 462.84, 164.08, 420.67, 207.43, 424.18, 232.03, 412.46, 236.72, 385.52, 317.56, 424.18, 317.56, 390.2, 364.43, 423.01, 301.16, 338.65, 330.45, 348.03, 382.0, 418.32, 365.6, 343.34, 410.12, 454.64, 415.98, 448.79, 401.92, 325.76, 378.49, 158.22, 415.98, 307.02, 399.58, 152.36, 411.29, 148.85, 435.9, 360.91, 446.44, 394.89, 434.73, 297.65, 490.96, 401.92, 456.99, 161.74, 515.57, 367.94, 501.51, 210.95, 528.46, 276.56, 539.0, 367.94, 551.89, 288.27, 542.52, 185.17, 567.12, 246.09, 575.32, 191.03, 572.98, 348.03, 587.04, 358.57, 609.3, 180.48, 638.59, 189.86, 606.95, 405.44, 616.33, 421.84, 604.61, 495.65, 611.64, 497.99, 628.04, 418.32, 637.42, 427.7, 631.56, 472.22, 639.76, 460.5, 659.68, 384.35, 659.68, 407.78, 674.91, 392.55, 658.51, 469.87, 696.0, 397.23, 666.71, 569.46, 719.43, 428.87, 667.88, 621.01, 717.09, 523.77, 707.71, 596.41, 727.63, 574.15, 729.98, 557.75, 745.21, 568.29, 748.72, 551.89, 760.44, 557.75, 749.89, 598.75, 762.78, 608.13, 760.44, 635.07, 733.49, 665.54, 808.47, 635.07, 769.81, 679.6, 729.98, 734.66, 834.25, 667.88, 834.25, 688.97, 737.01, 756.92, 722.95, 772.15, 741.69, 789.73, 838.94, 753.41, 795.59, 816.68, 744.03, 820.19, 665.54, 856.51, 649.13, 894.0, 643.28, 946.73, 647.96, 966.64, 703.03, 949.07, 811.99, 915.09, 878.77, 905.72, 905.72, 885.8, 915.09, 903.38, 795.59, 957.27, 724.12, 984.22, 693.65, 1001.79, 640.93, 973.67, 608.13, 930.32, 603.44, 917.44, 568.29, 922.12, 551.89, 942.04, 537.83, 943.21, 499.17, 908.06, 455.82, 854.17, 430.04, 837.76, 393.72, 1002.96, 366.77, 1017.02, 117.22, 1021.71, 114.87, 1002.96, 154.71, 977.19, 73.87, 917.44, 76.21, 896.35, 285.93, 998.28, 220.32, 954.93, 214.46, 927.98, 150.02, 843.62, 164.08, 827.22, 226.18, 908.06, 257.81, 891.66, 233.21, 845.97, 203.92, 816.68, 77.38, 813.16, 59.81, 793.24, 213.29, 794.41, 145.33, 766.3, 103.16, 744.03, 69.18, 704.2, 105.5, 713.57, 85.58, 677.25, 113.7, 676.08, 86.75, 646.79, 167.6, 646.79, 105.5, 583.52, 98.47, 551.89, 140.65, 557.75, 159.39, 541.34]], "area": 355848.0, "bbox": [59.81, 148.85, 855.28, 872.86], "iscrowd": 0, "attributes": {"occluded": false}}, {"id": 25, "image_id": 24, "category_id": 1, "segmentation": [[154.71, 639.76, 150.02, 603.44, 150.02, 572.98, 142.99, 564.78, 141.82, 554.23, 175.8, 543.69, 176.97, 521.43, 165.25, 497.99, 182.83, 478.08, 106.67, 473.39, 101.98, 459.33, 101.98, 435.9, 181.65, 440.58, 182.83, 428.87, 243.75, 430.04, 206.26, 418.32, 205.09, 400.75, 184.0, 379.66, 164.08, 363.26, 161.74, 345.68, 144.16, 319.91, 164.08, 325.76, 147.68, 292.96, 167.6, 301.16, 188.68, 308.19, 199.23, 308.19, 214.46, 301.16, 234.38, 298.82, 246.09, 288.27, 227.35, 267.18, 253.12, 267.18, 267.18, 269.53, 242.58, 221.49, 255.47, 221.49, 274.21, 230.86, 305.85, 271.87, 323.42, 283.59, 325.76, 258.98, 319.91, 213.29, 319.91, 184.0, 326.94, 191.03, 331.62, 207.43, 339.82, 223.83, 345.68, 223.83, 346.85, 192.2, 346.85, 164.08, 363.26, 188.68, 370.29, 213.29, 376.14, 207.43, 377.32, 173.45, 382.0, 182.83, 390.2, 219.15, 410.12, 237.89, 421.84, 223.83, 401.92, 203.92, 404.26, 187.51, 404.26, 178.14, 404.26, 158.22, 437.07, 159.39, 435.9, 124.25, 420.67, 85.58, 417.15, 69.18, 426.52, 69.18, 458.16, 121.9, 476.9, 169.94, 497.99, 209.77, 493.31, 151.19, 510.88, 128.93, 508.54, 150.02, 510.88, 186.34, 520.25, 209.77, 529.63, 192.2, 536.66, 172.28, 544.86, 196.89, 540.17, 217.98, 546.03, 228.52, 550.72, 205.09, 550.72, 159.39, 557.75, 109.01, 555.4, 99.64, 540.17, 82.07, 539.0, 64.49, 547.2, 57.46, 550.72, 36.37, 556.57, 38.72, 557.75, 73.87, 562.43, 97.3, 577.66, 111.36, 643.28, 249.61, 649.13, 246.09, 642.1, 189.86, 637.42, 138.3, 642.1, 139.48, 652.65, 167.6, 676.08, 5.91, 690.14, 4.74, 667.88, 215.63, 667.88, 239.06, 681.94, 203.92, 690.14, 173.45, 698.34, 140.65, 707.71, 107.84, 710.06, 93.78, 729.98, 57.46, 734.66, 127.76, 752.24, 59.81, 763.95, 60.98, 761.61, 91.44, 792.07, 27.0, 810.82, 24.66, 749.89, 175.8, 745.21, 191.03, 773.33, 179.31, 760.44, 201.57, 753.41, 217.98, 748.72, 236.72, 742.86, 249.61, 755.75, 249.61, 774.5, 235.55, 785.04, 235.55, 827.22, 216.8, 841.28, 194.54, 861.2, 184.0, 870.57, 187.51, 868.23, 201.57, 809.65, 249.61, 789.73, 266.01, 769.81, 281.24, 756.92, 284.76, 755.75, 287.1, 747.55, 308.19, 733.49, 323.42, 753.41, 323.42, 767.47, 314.05, 783.87, 304.68, 801.44, 316.39, 831.91, 312.88, 867.06, 307.02, 861.2, 321.08, 830.74, 331.62, 790.9, 331.62, 778.01, 343.34, 778.01, 350.37, 766.3, 371.46, 759.27, 384.35, 787.38, 353.88, 799.1, 358.57, 826.05, 363.26, 811.99, 377.32, 810.82, 394.89, 807.3, 408.95, 819.02, 412.46, 821.36, 425.35, 840.11, 424.18, 847.14, 424.18, 843.62, 442.93, 850.65, 446.44, 843.62, 462.84, 822.53, 479.25, 803.79, 500.34, 817.85, 501.51, 842.45, 487.45, 861.2, 483.93, 864.71, 485.11, 881.11, 483.93, 897.52, 486.28, 890.49, 497.99, 860.03, 515.57, 831.91, 535.49, 814.33, 550.72, 814.33, 558.92, 824.88, 562.43, 861.2, 563.6, 882.29, 558.92, 905.72, 551.89, 935.01, 543.69, 925.64, 556.57, 913.92, 563.6, 915.09, 574.15, 896.35, 582.35, 911.58, 585.87, 931.49, 585.87, 956.1, 588.21, 956.1, 599.92, 920.95, 613.98, 878.77, 631.56, 902.2, 638.59, 912.75, 640.93, 892.83, 650.3, 837.76, 651.48, 874.09, 671.39, 918.61, 663.19, 950.24, 663.19, 957.27, 663.19, 947.9, 679.6, 919.78, 684.28, 868.23, 685.45, 870.57, 699.51, 917.44, 713.57, 905.72, 718.26, 861.2, 713.57, 829.56, 694.83, 831.91, 710.06, 848.31, 735.83, 862.37, 741.69, 922.12, 762.78, 911.58, 776.84, 878.77, 773.33, 879.94, 788.56, 864.71, 781.53, 837.76, 758.09, 836.59, 781.53, 861.2, 797.93, 881.11, 815.5, 883.46, 831.91, 863.54, 827.22, 853.0, 816.68, 840.11, 817.85, 840.11, 827.22, 841.28, 840.11, 829.56, 843.62, 834.25, 858.85, 850.65, 869.4, 871.74, 889.32, 889.32, 909.23, 903.38, 923.29, 906.89, 929.15, 912.75, 942.04, 915.09, 956.1, 892.83, 960.79, 892.83, 983.05, 883.46, 993.59, 864.71, 980.7, 847.14, 963.13, 827.22, 954.93, 807.3, 956.1, 796.76, 939.7, 773.33, 883.46, 767.47, 869.4, 747.55, 865.88, 718.26, 831.91, 710.06, 843.62, 710.06, 870.57, 711.23, 894.0, 711.23, 918.61, 711.23, 943.21, 688.97, 943.21, 659.68, 937.35, 658.51, 908.06, 649.13, 843.62, 630.39, 833.08, 628.04, 811.99, 626.87, 795.59, 613.98, 813.16, 591.72, 823.71, 582.35, 810.82, 608.13, 776.84, 609.3, 767.47, 604.61, 748.72, 604.61, 698.34, 594.07, 694.83, 594.07, 733.49, 594.07, 773.33, 580.01, 792.07, 569.46, 787.38, 558.92, 710.06, 557.75, 710.06, 540.17, 710.06, 520.25, 708.89, 510.88, 712.4, 502.68, 733.49, 502.68, 768.64, 486.28, 783.87, 486.28, 801.44, 462.84, 821.36, 466.36, 837.76, 462.84, 870.57, 459.33, 911.58, 448.79, 925.64, 444.1, 915.09, 441.76, 851.82, 432.38, 837.76, 425.35, 849.48, 432.38, 897.52, 432.38, 927.98, 420.67, 926.81, 401.92, 926.81, 403.09, 876.43, 390.2, 871.74, 383.17, 899.86, 382.0, 915.09, 371.46, 930.32, 371.46, 947.9, 357.4, 950.24, 350.37, 949.07, 346.85, 924.46, 330.45, 917.44, 329.28, 924.46, 329.28, 958.44, 323.42, 970.16, 317.56, 970.16, 310.53, 918.61, 310.53, 917.44, 301.16, 937.35, 297.65, 971.33, 284.76, 971.33, 284.76, 944.38, 290.62, 886.97, 273.04, 897.52, 258.98, 896.35, 232.03, 901.03, 225.01, 912.75, 201.57, 938.52, 181.65, 938.52, 191.03, 931.49, 161.74, 926.81, 164.08, 897.52, 178.14, 881.11, 193.37, 863.54, 157.05, 863.54, 135.96, 878.77, 120.73, 858.85, 117.22, 841.28, 109.01, 830.74, 109.01, 821.36, 153.54, 796.76, 135.96, 789.73, 139.48, 776.84, 146.51, 748.72, 155.88, 724.12, 167.6, 697.17, 173.45, 679.6, 154.71, 665.54]], "area": 482343.0, "bbox": [101.98, 4.74, 855.29, 988.85], "iscrowd": 0, "attributes": {"occluded": false}}]}